farm,revenue
E1,35303.48211428571
E10,24655.0
E100,161315.0
E1000,37302.1494
E1001,7009.1554857142855
E1002,73979.76930476191
E1003,20165.75147142857
E1004,36012.0
E1005,26751.89217142857
E1006,271008.0
E1007,22616.642457142858
E1008,27048.12585714286
E1009,7770.2035857142855
E101,58370.51485714286
E1010,53364.6564
E1011,556.0
E1012,3552425.1606142856
E1013,26068.297457142857
E1014,1078.0
E1015,48849.18268571428
E1016,24855.674
E1017,34049.69225714286
E1018,67108.53488571428
E1019,40540.5
E102,8200.5
E1020,91689.6316857143
E1021,15026.47717142857
E1022,91287.0
E1023,32560.99391428572
E1024,33132.0
E1025,12626.081457142856
E1026,29813.28722857143
E1027,36126.5
E1028,107712.0
E1029,33989.60331428571
E103,13549.236514285714
E1030,4080.6727142857144
E1031,39894.62194285714
E1032,79992.0
E1033,10510.5
E1034,37734.220628571435
E1035,15785.0
E1036,1198323.4049142858
E1037,30725.065142857144
E1038,29527.145942857147
E1039,36726.05442857143
E104,52322.343857142856
E1040,37841.12845714286
E1041,216040.09577142858
E1042,53212.11214285714
E1043,33566.85105714286
E1044,84744.0
E1045,36809.088885714285
E1046,4704.7756
E1047,53831.29697142857
E1048,30028.267685714287
E1049,89937.0
E105,74957.97157142857
E1050,54772.32911428572
E1051,6433.060514285715
E1052,9328.522342857143
E1053,67331.70337142858
E1054,1019221.5974047618
E1055,103313.01571428572
E1056,13106.160600000001
E1057,107828.13630714285
E1058,32360.68028571429
E1059,14497.0
E106,16527.0
E1060,63741.44174285715
E1061,15883.92177142857
E1062,14822.5
E1063,6603.529028571429
E1064,15130.5
E1065,19827.5
E1066,17863.867771428573
E1067,42365.05085714286
E1068,30527.48002857143
E1069,11914.392914285714
E107,18873.0
E1070,1570.0
E1071,11725.872662857144
E1072,12105.288
E1073,31814.541857142856
E1074,7878.187942857143
E1075,16439.5
E1076,9850.75
E1077,15893.006514285715
E1078,12530.226582857144
E1079,43223.12
E108,28149.659
E1080,10493.872662857144
E1081,9417.934128571429
E1082,19089.336428571427
E1083,35572.49837142857
E1084,11296.06870857143
E1085,14709.38064
E1086,4861.280365714287
E1087,29922.233857142855
E1088,9969.172457142859
E1089,22616.30682857143
E109,36213.16194285714
E1090,5582.5
E1091,11536.426788571429
E1092,17397.810902857145
E1093,21723.0
E1094,5919.692228571429
E1095,7122.5
E1096,26790.880185714283
E1097,9025.16134857143
E1098,19236.729000000003
E1099,7492.465628571428
E11,43553.91151428571
E110,37452.2152
E1100,54485.50394285714
E1101,9722.188614285715
E1102,8496.982828571428
E1103,21265.39262857143
E1104,9394.0
E1105,12001.31517142857
E1106,9086.0
E1107,11007.826514285716
E1108,25460.546085714286
E1109,26838.128114285715
E111,17107.936914285714
E1110,9161.0
E1111,4994.977085714286
E1112,167231.49999999997
E1113,11850.86227142857
E1114,5163.868257142857
E1115,8085.0
E1116,12243.212571428572
E1117,3850.0
E1118,17791.392091428574
E1119,23502.430262857146
E112,39961.28368571428
E1120,16215.5
E1121,10689.957325714287
E1122,122683.0
E1123,17171.0
E1124,8206.0
E1125,26465.364342857145
E1126,3216.5302571428574
E1127,35535.5
E1128,25863.822028571427
E1129,375067.3552095238
E113,39452.0
E1130,4861.280365714287
E1131,47952.4986
E1132,119338.06741904761
E1133,15074.485085714286
E1134,101967.10561428571
E1135,27385.495514285714
E1136,50192.375199999995
E1137,90780.5
E1138,17349.098542857144
E1139,21757.9952
E114,39492.01408571428
E1140,13970.303057142857
E1141,7873.297942857143
E1142,47620.997285714286
E1143,88704.0
E1144,206344.27537142858
E1145,13598.875794285717
E1146,29979.18685
E1147,2928.4827714285716
E1148,15739.288628571428
E1149,19600.483685714287
E115,37900.446085714284
E1150,39606.52928571429
E1151,77211.45854285714
E1152,8441.377085714286
E1153,38016.0
E1154,22626.662
E1155,2887.5
E1156,3874.0305371428576
E1157,24399.67748571429
E1158,10657.756971428571
E1159,144144.0
E116,52700.55082857143
E1160,229044.5
E1161,47416.08097142857
E1162,30042.5
E1163,10707.718557142856
E1164,12557.89342857143
E1165,9285.233514285714
E1166,31077.209400000007
E1167,12705.0
E1168,11049.5
E1169,281610.0
E117,28713.5
E1170,5042.461071428572
E1171,3694.9820285714286
E1172,7520.561
E1173,8619.451285714287
E1174,13018.3443
E1175,10493.715557142856
E1176,4620.0
E1177,11670.431114285713
E1178,2037.5
E1179,173844.0
E118,12872.934114285716
E1180,6518.868399999999
E1181,11324.413685714284
E1182,2797.320357142857
E1183,19806.07182857143
E1184,61361.304142857145
E1185,23826.652885714284
E1186,14481.556857142856
E1187,20319.12572857143
E1188,4855.580828571428
E1189,48142.81731428571
E119,37088.011685714286
E1190,316503.0
E1191,25253.0
E1192,12539.482828571428
E1193,18299.990999999998
E1194,11798.209557142856
E1195,4983.359271428571
E1196,5068.5449
E1197,49640.183371428575
E1198,24051.965057142857
E1199,159193.8282
E12,16043.189114285715
E120,13914.0
E1200,32945.0
E1201,30260.986
E1202,6337.044685714286
E1203,16142.5
E1204,58359.1578
E1205,1008.1662
E1206,33125.460857142854
E1207,15170.500914285714
E1208,0.0
E1209,8881.464142857143
E121,24293.649657142858
E1210,8881.464142857143
E1211,7489.234628571428
E1212,17042.809571428574
E1213,22060.92317142857
E1214,7318.560514285715
E1215,3823.490685714286
E1216,167996.5390857143
E1217,237846.6008857143
E1218,7681.266285714286
E1219,17282.849142857143
E122,27111.284428571427
E1220,571435.3333333334
E1221,42150.948742857145
E1222,8545.408742857144
E1223,113322.0
E1224,6769.115914285714
E1225,8234.457628571428
E1226,6048.9972
E1227,55423.61354285714
E1228,108589.6740952381
E1229,9073.4958
E123,447742.0
E1230,6000.989285714286
E1231,15868.043285714286
E1232,87620.28954285715
E1233,38694.37891428571
E1234,6145.013028571429
E1235,11425.883600000001
E1236,9300.608
E1237,36310.3752
E1238,12224.266285714286
E1239,9409.5512
E124,11321.0
E1240,10701.147571428572
E1241,2640.435285714286
E1242,17706.817485714284
E1243,61079.15962857143
E1244,12868.415542857143
E1245,10081.662
E1246,27124.471571428574
E1247,182834.66666666666
E1248,5376.8864
E1249,7921.305857142857
E125,25687.5
E1250,12243.141057142857
E1251,13443.948314285715
E1252,10561.741142857143
E1253,8039.615914285715
E1254,28516.701085714285
E1255,43876.352857142854
E1256,43936.566542857145
E1257,7019.5
E1258,40637.52417142857
E1259,6817.123828571428
E126,15400.0
E1260,19409.754171428573
E1261,67995.17545714286
E1262,5424.894314285714
E1263,62524.56977142857
E1264,12106.469885714287
E1265,30292.993914285715
E1266,17671.5
E1267,34280.64708571429
E1268,5164.298342857142
E1269,13634.247657142856
E127,6789.157531428572
E1270,9608.981342857141
E1271,56019.13794285714
E1272,9270.338828571428
E1273,84110.3344857143
E1274,11488.531428571428
E1275,0.0
E1276,1303.0
E1277,29662.985057142858
E1278,29428.85145714286
E1279,45422.3864
E128,4519.985028571428
E1280,12338.033971428571
E1281,7534.795942857143
E1282,13644.353114285715
E1283,286.0
E1284,28574.12102857143
E1285,8593.416657142858
E1286,5841.253057142857
E1287,4275.361742857142
E1288,18243.00742857143
E1289,8816.5
E129,24426.997942857146
E1290,4638.868845714287
E1291,31157.136371428573
E1292,4379.395908571429
E1293,1493.3344914285717
E1294,7091.9958400000005
E1295,8243.545805714286
E1296,10866.391405714288
E1297,1398.0152685714288
E1298,3312.5460857142857
E1299,4046.3497600000005
E13,87423.82202857143
E130,14433.098685714285
E1300,15466.0
E1301,36599.03208571429
E1302,19034.27238857143
E1303,45680.18748571428
E1304,29529.5
E1305,47383.811400000006
E1306,37150.02277142857
E1307,4798.030537142858
E1308,3312.5460857142857
E1309,4893.053440000001
E131,31528.7964
E1310,2128.7959771428577
E1311,4991.249828571429
E1312,5199.488205714287
E1313,2859.576685714286
E1314,18783.757462857142
E1315,2700.7113142857147
E1316,7929.315062857144
E1317,4575.3226971428585
E1318,44352.0
E1319,7243.5
E132,16418.0
E1320,5973.337965714287
E1321,13769.553097142858
E1322,2510.0728685714294
E1323,3495.0381714285722
E1324,28264.711314285712
E1325,6354.614857142858
E1326,6799.437897142859
E1327,10754.206811428574
E1328,4862.2545714285725
E1329,27144.84471428572
E133,67374.6459142857
E1330,6497.740200000001
E1331,7969.5
E1332,12650.065842857142
E1333,53600.52205714286
E1334,95127.0
E1335,74131.92002857142
E1336,68821.29057142857
E1337,25801.87637142857
E1338,31068.974800000004
E1339,24659.582285714285
E134,24903.610114285715
E1340,31917.056971428574
E1341,28784.61371428571
E1342,74512.0
E1343,34511.28765714286
E1344,5276.755457142857
E1345,50648.89734285715
E1346,19139.533285714286
E1347,62510.907228571436
E1348,26746.413471428572
E1349,84474.66565714286
E135,30073.9784
E1350,40850.04125714285
E1351,24916.79635714286
E1352,13420.3966
E1353,33665.319142857144
E1354,4952.646771428571
E1355,32623.104757142857
E1356,73260.0
E1357,8239.0
E1358,9914.550885714285
E1359,36190.51585714286
E136,35997.5
E1360,7931.877457142857
E1361,6988.550885714286
E1362,21557.946057142857
E1363,10716.351685714286
E1364,10029.676742857144
E1365,7178.760471428572
E1366,12649.577828571428
E1367,3790.7604714285712
E1368,3934.005971428572
E1369,5913.196714285715
E137,29095.9222
E1370,17505.64667142857
E1371,42628.5
E1372,82341.0
E1373,32842.319514285715
E1374,38314.31002857143
E1375,28283.3892
E1376,5750.029928571429
E1377,13263.0
E1378,28299.038871428573
E1379,49500.0
E138,32668.830342857145
E1380,20657.51492857143
E1381,43881.23277142857
E1382,19346.0
E1383,8589.523514285716
E1384,3471.425142857143
E1385,27533.76102857143
E1386,33582.26345714286
E1387,4703.259731428572
E1388,68971.12942857142
E1389,27996.170614285715
E139,36820.7644
E1390,39579.77894285714
E1391,6718.588137142859
E1392,3221.3920914285723
E1393,7703.918811428573
E1394,14049.86086857143
E1395,14517.746011428571
E1396,13957.5
E1397,1938.1575314285717
E1398,8663.084320000002
E1399,3876.315062857144
E14,4575.322697142858
E140,2224.1152000000006
E1400,6531.6728
E1401,18206.28070857143
E1402,2764.2574628571438
E1403,15707.741508571431
E1404,5320.869188571429
E1405,6083.0
E1406,11326.99584
E1407,2342.6047857142858
E1408,3306.6826285714283
E1409,5464.968777142858
E141,34283.44082857144
E1410,5790.503171428572
E1411,25337.299357142856
E1412,33779.590800000005
E1413,7588.5
E1414,1652.1998628571432
E1415,2637.165165714286
E1416,8064.099085714285
E1417,32567.492342857146
E1418,35151.51834285714
E1419,16420.5
E142,3725.067657142857
E1420,8012.580828571428
E1421,179226.0
E1422,28382.5
E1423,7702.5
E1424,33041.71814285714
E1425,5977.0
E1426,35246.49117142857
E1427,30647.147542857143
E1428,42923.50465714286
E1429,21678.0
E143,48820.115028571425
E1430,23958.957885714284
E1431,4437.074842857142
E1432,6583.5
E1433,6024.705485714287
E1434,10444.64202857143
E1435,3640.4070285714283
E1436,10082.646771428572
E1437,3598.076714285714
E1438,28472.102799999997
E1439,320.0
E144,28082.091342857144
E1440,23917.0
E1441,8855.0
E1442,12766.571914285714
E1443,4656.3345714285715
E1444,44807.39797142857
E1445,0.0
E1446,9825.5
E1447,18413.686714285715
E1448,2963.122
E1449,3246.0
E145,9193.940114285715
E1450,472.0
E1451,18094.5466
E1452,30763.238114285712
E1453,5618.940857142857
E1454,115.99999999999999
E1455,3598.076714285714
E1456,25113.187257142858
E1457,7254.572525714287
E1458,6819.069051428572
E1459,2573.619017142858
E146,46125.900057142855
E1460,9291.253645714285
E1461,14468.742194285715
E1462,13806.014925714288
E1463,8134.480904761905
E1464,12831.490399999999
E1465,4575.3226971428585
E1466,45494.07817142857
E1467,14497.258371428572
E1468,163035.0
E1469,28220.5
E147,19825.345942857144
E1470,9607.462285714286
E1471,0.0
E1472,12435.5
E1473,20595.39522857143
E1474,9519.56702857143
E1475,15081.3612
E1476,27951.0
E1477,4032.6648
E1478,20741.854
E1479,27983.975771428573
E148,54995.5
E1480,6332.445874285715
E1481,2065.249828571429
E1482,356.0
E1483,22170.606285714286
E1484,7807.126257142857
E1485,542104.0641238096
E1486,287179.3292857143
E1487,132079.76428571428
E1488,280405.10814285715
E1489,16062.768709523809
E149,5428.922971428572
E1490,17594.5
E1491,2976.490685714286
E1492,49896.0
E1493,29535.980771428574
E1494,48896.5508
E1495,13993.282085714285
E1496,15400.0
E1497,13433.969885714287
E1498,22301.79965714286
E1499,43164.0
E15,11480.869188571429
E150,68196.12168571429
E1500,13209.060514285715
E1501,52227.98788571429
E1502,47623.850971428576
E1503,9016.5
E1504,20167.5
E1505,78408.0
E1506,39807.0
E1507,49285.43151428571
E1508,7392.0
E1509,29053.44697142857
E151,43309.0
E1510,36701.432485714286
E1511,43447.16242857143
E1512,14893.594285714285
E1513,26615.76157142857
E1514,27412.519057142857
E1515,66960.82722857143
E1516,5040.831
E1517,50649.42177142857
E1518,62983.698399999994
E1519,8169.750657142857
E152,4274.5
E1520,14382.343085714285
E1521,1358.5881714285715
E1522,4679.710171428571
E1523,6533.216828571429
E1524,9438.0
E1525,50623.9496
E1526,0.0
E1527,12049.986485714286
E1528,3979.0495428571426
E1529,6573.913685714285
E153,30080.170457142856
E1530,10225.685742857142
E1531,870845.5572285714
E1532,4800.791428571429
E1533,16236.0
E1534,5488.8784857142855
E1535,18819.078657142858
E1536,27124.47157142857
E1537,4800.791428571429
E1538,51868.503228571426
E1539,4704.7756
E154,10895.5
E1540,3882.633142857143
E1541,75608.5
E1542,64709.25045714285
E1543,105336.0
E1544,2784.4590285714285
E1545,5424.894314285714
E1546,9937.638257142858
E1547,3072.5065142857143
E1548,11425.8836
E1549,10465.725314285715
E155,32017.851599999998
E1550,7857.560514285715
E1551,25080.57322857143
E1552,28990.5
E1553,14150.343085714285
E1554,40495.5
E1555,29673.550314285712
E1556,11191.881714285713
E1557,54189.37342857143
E1558,140968.0
E1559,7979.108142857143
E156,46966.529800000004
E1560,27144.18857142857
E1561,9209.447514285714
E1562,4148.3708
E1563,4103.5
E1564,74464.5
E1565,0.0
E1566,274.0
E1567,89700.0
E1568,45079.431514285716
E1569,928089.0
E157,10902.649897142857
E1570,47520.0
E1571,11137.836114285714
E1572,53070.6466
E1573,125442.09505714285
E1574,26332.83232857143
E1575,301077.0
E1576,26846.95842857143
E1577,17061.933885714287
E1578,27748.57445714286
E1579,23776.749057142857
E158,6508.065234285715
E1580,12858.345428571429
E1581,7465.862657142858
E1582,11548.0
E1583,3081.9882057142863
E1584,7832.803611428572
E1585,36435.05582857143
E1586,4019.442057142858
E1587,11001.945531428573
E1588,11626.595771428572
E1589,22840.598902857146
E159,39970.8492
E1590,1842.8383085714288
E1591,62783.745500000005
E1592,29699.483702857146
E1593,7911.072525714288
E1594,12097.9944
E1595,7426.1317285714285
E1596,5147.238034285716
E1597,4543.549622857144
E1598,3081.9882057142863
E1599,38701.09217142857
E16,25555.5
E160,47316.5
E1600,1842.838308571429
E1601,9373.056914285717
E1602,23796.42678857143
E1603,15204.476754285715
E1604,4827.0
E1605,19628.82269714286
E1606,5404.003474285715
E1607,9365.357394285715
E1608,60427.154514285714
E1609,24602.5
E161,12855.395199999999
E1610,3367.945874285715
E1611,730.7807085714287
E1612,8665.63046857143
E1613,22506.0
E1614,14369.93824
E1615,10421.568365714287
E1616,370817.01231428573
E1617,14561.738034285716
E1618,11953.970657142858
E1619,4116.648971428571
E162,45681.137942857145
E1620,14990.321685714285
E1621,10748.464960000001
E1622,6449.934080000001
E1623,1874.6113828571433
E1624,6238.988205714286
E1625,18098.983685714287
E1626,13044.756971428573
E1627,5750.926445714287
E1628,10011.899725714287
E1629,6469.2421942857145
E163,32616.313542857148
E1630,1620.426788571429
E1631,8329.580502857143
E1632,1212.4653028571431
E1633,34653.43311428571
E1634,11839.384457142858
E1635,8597.641920000002
E1636,730.7807085714287
E1637,5483.964960000001
E1638,8483.410834285716
E1639,7718.572525714288
E164,10521.203337142859
E1640,1938.1575314285717
E1641,9147.388274285715
E1642,5967.649897142857
E1643,4988.372662857144
E1644,3078.5614171428574
E1645,7250.141920000001
E1646,2224.8268571428575
E1647,16822.556585714286
E1648,9436.603062857146
E1649,15773.799794285715
E165,110214.5
E1650,5274.330331428572
E1651,18612.0
E1652,8642.276205714286
E1653,22011.763428571427
E1654,4144.6728
E1655,4098.7265828571435
E1656,3354.788342857143
E1657,2795.607565714286
E1658,3843.3997257142864
E1659,8703.707497142857
E166,36140.79208571429
E1660,5454.392091428572
E1661,3046.788342857143
E1662,19544.163794285716
E1663,19679.0
E1664,4448.2304
E1665,298928.7581561905
E1666,14564.4371
E1667,9382.442057142858
E1668,6431.514957142857
E1669,18752.329228571427
E167,34325.65871428572
E1670,222246.0
E1671,21546.12997142857
E1672,6645.859342857142
E1673,2084.0
E1674,62168.53292857143
E1675,9697.598685714285
E1676,25370.885428571426
E1677,30048.95471428571
E1678,57746.0
E1679,9436.060514285715
E168,18450.832314285715
E1680,37860.074628571434
E1681,7345.038171428572
E1682,18980.483200000002
E1683,19125.23462857143
E1684,9745.6066
E1685,130416.0
E1686,22837.5
E1687,11312.967057142858
E1688,9862.963228571429
E1689,13203.772428571428
E169,17686.21028571429
E1690,11819.753302857143
E1691,37268.712499999994
E1692,10545.403542857144
E1693,3685.676617142858
E1694,7446.365028571429
E1695,34056.0
E1696,28908.0
E1697,1404.0
E1698,28116.0
E1699,397109.94991428574
E17,4429.652685714285
E170,8585.5
E1700,64580.85293714287
E1701,1090611.0
E1702,11342.987520000002
E1703,8200.5
E1704,3810.0
E1705,19088.790399999998
E1706,6660.5
E1707,8229.049622857145
E1708,2807.0
E1709,4384.684251428573
E171,29359.596142857143
E1710,1938.1575314285717
E1711,18127.745668571428
E1712,16693.980571428572
E1713,4369.665165714287
E1714,35640.0
E1715,69684.87048571429
E1716,7799.591954285715
E1717,5354.630468571429
E1718,10782.522560000001
E1719,11595.057257142858
E172,34958.0
E1720,2351.207497142858
E1721,14534.088137142859
E1722,16926.14573714286
E1723,4321.138102857144
E1724,1842.8383085714288
E1725,3463.265097142858
E1726,3634.23456
E1727,9985.176617142857
E1728,2128.7959771428577
E1729,6525.368845714287
E173,20006.23456
E1730,4384.684251428572
E1731,6554.138102857144
E1732,10340.826857142856
E1733,16863.0
E1734,2891.3497600000005
E1735,5932.849760000001
E1736,2550.157531428572
E1737,4040.765097142858
E1738,6031.892091428572
E1739,3145.534354285715
E174,36074.5
E1740,1378.0
E1741,7626.849760000001
E1742,10930.5
E1743,8801.141577142858
E1744,6926.530194285716
E1745,5565.872662857144
E1746,20886.229714285717
E1747,9353.765097142857
E1748,9091.88064
E1749,16639.087794285715
E175,28402.369714285713
E1750,5131.076685714286
E1751,6121.5
E1752,8306.945531428573
E1753,16521.39590857143
E1754,1779.2921600000006
E1755,10972.5
E1756,11000.972937142858
E1757,14421.342125714285
E1758,22526.240822857148
E1759,43846.84251428572
E176,27699.185142857143
E1760,1694.0
E1761,2319.4344228571435
E1762,3653.9035428571433
E1763,5107.1728
E1764,932.0
E1765,10164.12665142857
E1766,64867.81841904762
E1767,19533.0
E1768,132912.0
E1769,4446.0
E177,14812.0
E1770,2414.753645714286
E1771,7430.5
E1772,7066.589814285714
E1773,7700.0
E1774,88542.0
E1775,44596.59357142857
E1776,7878.199862857144
E1777,8893.5
E1778,23292.5
E1779,34881.0
E178,10978.870571428572
E1780,19141.77654857143
E1781,6385.052600000001
E1782,51176.43662857143
E1783,30287.371214285715
E1784,7426.903542857144
E1785,11287.095785714286
E1786,14168.0
E1787,30025.55520000001
E1788,19263.145394285715
E1789,49596.5
E179,9771.680434285714
E1790,71026.1104857143
E1791,10928.580160000001
E1792,5857.626651428573
E1793,82512.0
E1794,530784.0
E1795,168459.5
E1796,7982.596114285714
E1797,19153.0
E1798,4600.961485714286
E1799,7992.0919542857155
E18,7686.249828571429
E180,39623.954828571426
E1800,22484.0
E1801,16381.831628571428
E1802,2827.803611428572
E1803,3349.5
E1804,6501.0
E1805,28106.099245714286
E1806,472395.3008857143
E1807,19800.0
E1808,14861.0
E1809,9341.283840000002
E181,11531.195360000002
E1810,35367.122834285714
E1811,21166.07137142857
E1812,10081.662
E1813,29927.5322
E1814,334.0
E1815,11726.153714285714
E1816,65417.351057142856
E1817,145728.0
E1818,17132.45482857143
E1819,5210.784182857144
E182,28590.06417142857
E1820,6857.4431
E1821,41976.0
E1822,6256.0
E1823,53028.6446
E1824,80634.62872857144
E1825,24120.0
E1826,55711.34254285715
E1827,96870.1662
E1828,107619.91014285714
E1829,4613.82304
E183,8354.5
E1830,10420.722422857145
E1831,15842.611714285715
E1832,15842.611714285715
E1833,1302.696045714286
E1834,39030.43431428571
E1835,56969.5
E1836,4818.849760000001
E1837,13468.380297142858
E1838,14057.70657142857
E1839,4501.622834285715
E184,14838.5
E1840,2764.2574628571438
E1841,7368.222765714287
E1842,14203.590771428571
E1843,12848.0
E1844,8717.5
E1845,8636.861211428572
E1846,4253.445874285715
E1847,11836.633942857145
E1848,2278.8806400000003
E1849,4164.5
E185,40357.39874285714
E1850,2986.6689828571434
E1851,463417.6142571429
E1852,1501.0
E1853,3675.330674285715
E1854,11723.0
E1855,1779.2921600000006
E1856,11878.922971428572
E1857,56837.0
E1858,10431.468777142858
E1859,4037.1152000000006
E186,37256.11797142857
E1860,19385.0
E1861,11813.47802857143
E1862,11893.972057142857
E1863,9801.18806857143
E1864,13799.0
E1865,7835.884657142858
E1866,3367.945874285715
E1867,1588.6537142857146
E1868,8466.062857142857
E1869,14793.603405714286
E187,19924.692228571428
E1870,9565.5
E1871,15617.011108571429
E1872,3336.1728000000007
E1873,10032.284485714286
E1874,9087.09924571429
E1875,7675.080502857143
E1876,4956.599588571429
E1877,3558.584320000001
E1878,35228.5
E1879,10861.167642857143
E188,1842.838308571429
E1880,3113.7612800000006
E1881,16706.754171428573
E1882,7848.730528571428
E1883,8672.780365714287
E1884,6530.845942857143
E1885,2414.7536457142864
E1886,4408.64608
E1887,2478.299794285715
E1888,5253.7265828571435
E1889,2618.157531428572
E189,61870.642262857145
E1890,5649.4729371428575
E1891,1864.8806400000003
E1892,8994.949714285714
E1893,4729.196045714286
E1894,6830.707497142857
E1895,6132.203337142858
E1896,3081.9882057142863
E1897,4543.549622857144
E1898,1923.5059857142855
E1899,4607.095771428572
E19,31745.873971428573
E190,8690.972937142858
E1900,12572.153371428572
E1901,14165.545805714286
E1902,4352.911177142858
E1903,7657.310902857144
E1904,7895.838308571429
E1905,2942.099931428572
E1906,6697.388274285715
E1907,7608.530537142858
E1908,438.0
E1909,7407.442057142857
E191,23197.012228571428
E1910,2224.1152
E1911,3412.4251428571424
E1912,735.9999999999999
E1913,7873.438457142857
E1914,18540.677657142856
E1915,18879.32017142857
E1916,16602.799385714286
E1917,3510.5
E1918,11797.721542857144
E1919,3399.718948571429
E192,10972.5
E1920,13395.376137142857
E1921,4470.0
E1922,4844.399725714286
E1923,7169.295634285715
E1924,1016.7383771428574
E1925,5490.053782857143
E1926,13871.557257142858
E1927,3081.988205714287
E1928,12465.62665142857
E1929,3653.9035428571437
E193,10362.003131428573
E1930,6429.922971428572
E1931,5920.284525714285
E1932,3018.4420571428573
E1933,10771.072182857146
E1934,4257.5919542857155
E1935,6405.0576
E1936,27878.655657142855
E1937,2382.9805714285717
E1938,18757.372662857146
E1939,10605.610757142857
E194,23424.5
E1940,9850.489285714286
E1941,7719.0
E1942,2656.5
E1943,11669.553440000002
E1944,3901.4576685714287
E1945,55462.60542857143
E1946,2274.5038171428573
E1947,9041.026377142858
E1948,2954.895908571429
E1949,59004.0
E195,47813.79325714286
E1950,5973.337965714287
E1951,16555.0
E1952,9690.787657142859
E1953,8442.64202857143
E1954,434730.8854285714
E1955,7921.305857142857
E1956,11522.687257142858
E1957,6640.225885714286
E1958,11295.0
E1959,2400.3957142857143
E196,44262.62
E1960,20639.637074285718
E1961,11748.5
E1962,25372.128400000005
E1963,6721.108
E1964,3685.6766171428576
E1965,3812.768914285715
E1966,6672.3456000000015
E1967,54769.72994285714
E1968,21241.411342857147
E1969,13252.057714285715
E197,30258.81777142857
E1970,157169.38626666667
E1971,14584.5
E1972,3529.392091428572
E1973,3495.0381714285722
E1974,5397.0
E1975,3373.1075657142865
E1976,6513.4802285714295
E1977,38505.5
E1978,5520.519085714286
E1979,4133.080502857143
E198,13147.649685714285
E1980,8991.780022857145
E1981,13707.22589714286
E1982,2891.3497600000005
E1983,26971.832285714285
E1984,362369.3333333333
E1985,8718.0
E1986,5936.262114285714
E1987,1620.426788571429
E1988,13112.512142857144
E1989,8820.044742857142
E199,27218.392085714284
E1990,14321.499457142856
E1991,40331.7762
E1992,90.0
E1993,6608.5
E1994,4066.5
E1995,8056.759714285714
E1996,9459.534354285715
E1997,2051.0
E1998,7842.9573257142865
E1999,11203.5
E2,49104.0
E20,37088.57149714286
E200,96981.5
E2000,4257.5919542857155
E2001,10156.807085714287
E2002,16095.772045714288
E2003,2344.0576
E2004,14901.571840000002
E2005,5878.018742857144
E2006,2001.7036800000005
E2007,4357.2421942857145
E2008,18723.086571428572
E2009,5069.392091428572
E201,5438.88064
E2010,11517.5
E2011,3326.5
E2012,9889.630342857143
E2013,27676.7784
E2014,5391.565234285715
E2015,13035.0
E2016,9175.0
E2017,7814.1880685714295
E2018,5618.084320000001
E2019,4021.379857142857
E202,6201.792160000001
E2020,1501.5
E2021,34329.20428571429
E2022,3653.903542857144
E2023,10417.7174
E2024,6292.507291428572
E2025,42208.79185714286
E2026,931.2669142857143
E2027,6776.0
E2028,7704.1172
E2029,35157.5
E203,19266.0
E2030,12446.795977142858
E2031,12685.834491428572
E2032,14231.559114285714
E2033,15017.299451428573
E2034,4352.911177142858
E2035,3092.73456
E2036,7087.753645714286
E2037,33877.62091428571
E2038,17871.5
E2039,7244.260937142859
E204,15495.192228571428
E2040,12240.472057142857
E2041,5623.83414857143
E2042,3407.884457142857
E2043,16339.501314285713
E2044,9317.0
E2045,11742.080971428572
E2046,3216.5302571428574
E2047,7244.557257142858
E2048,8278.768914285716
E2049,54837.5
E205,4536.399725714286
E2050,8889.366
E2051,22138.75437142857
E2052,1830.5519428571429
E2053,1312.2397428571428
E2054,37552.10705714286
E2055,3717.449691428572
E2056,4512.743942857143
E2057,4607.095771428572
E2058,2976.4613714285715
E2059,4747.502985714285
E206,32577.5
E2060,4692.261280000001
E2061,6827.784182857144
E2062,54578.81074285715
E2063,20087.931257142856
E2064,5250.162
E2065,6443.799794285715
E2066,89969.0
E2067,3902.3768228571435
E2068,49803.870800000004
E2069,10201.484388571429
E207,24076.994114285717
E2070,7245.1467
E2071,4677.0
E2072,11766.901185714285
E2073,9378.99584
E2074,7254.584320000001
E2075,5312.407360000001
E2076,4257.5919542857155
E2077,3526.811245714286
E2078,18771.094485714286
E2079,12633.05344
E208,4995.0
E2080,36967.73042857143
E2081,17722.35327142857
E2082,32763.966942857143
E2083,21258.5
E2084,1874.611382857143
E2085,1235.1916142857142
E2086,4966.5
E2087,32393.1806
E2088,10032.284485714286
E2089,10425.888274285715
E209,10087.0
E2090,4629.857394285715
E2091,10510.5
E2092,12564.707154285716
E2093,4146.165165714287
E2094,6429.5
E2095,5272.889214285714
E2096,14834.94937142857
E2097,13040.259771428571
E2098,61928.34265714286
E2099,17110.0
E21,58685.0
E210,5153.541988571429
E2100,64078.64707142857
E2101,27570.18965714286
E2102,5616.5
E2103,10394.956982857144
E2104,3840.633142857143
E2105,22029.333333333336
E2106,540.142262857143
E2107,6635.838308571429
E2108,5325.904185714286
E2109,181764.0
E211,33764.5
E2110,59887.0
E2111,7547.988205714287
E2112,3811.5
E2113,16614.499314285717
E2114,20986.0
E2115,29142.305385714288
E2116,7392.0
E2117,17415.350542857144
E2118,4918.395908571429
E2119,3766.696045714286
E212,13100.703337142857
E2120,15334.0
E2121,21586.39869714286
E2122,14694.520928571428
E2123,1779.2921600000004
E2124,1874.6113828571433
E2125,6449.934080000001
E2126,8347.476754285715
E2127,1747.5190857142861
E2128,8545.408742857144
E2129,73302.39622857142
E213,3971.6342857142863
E2130,55502.03397142857
E2131,5274.330331428573
E2132,1788.8981999999999
E2133,0.0
E2134,8712.0
E2135,13630.818537142859
E2136,79947.38731428572
E2137,9498.197585714286
E2138,5741.218557142857
E2139,4608.759771428571
E214,33463.0
E2140,3234.0
E2141,10369.709485714287
E2142,11809.946914285716
E2143,9611.418057142857
E2144,2233.0
E2145,11929.19365714286
E2146,11203.5
E2147,4287.6244857142865
E2148,1536.2532571428571
E2149,6062.522902857143
E215,48284.18382857143
E2150,4796.435285714286
E2151,17414.152685714285
E2152,6385.0526
E2153,10513.73322857143
E2154,960.1582857142857
E2155,14388.0
E2156,3783.576685714286
E2157,7091.622491428572
E2158,1588.6537142857146
E2159,3367.345942857143
E216,27751.29337142857
E2160,2065.249828571429
E2161,84744.00000000001
E2162,10020.153714285714
E2163,22693.0
E2164,167016.95408571427
E2165,15821.0
E2166,24250.2262
E2167,3345.577842857143
E2168,10273.693657142856
E2169,7641.572525714287
E217,3234.0
E2170,3792.6252285714286
E2171,9121.503714285715
E2172,13828.011628571428
E2173,6076.886399999999
E2174,11805.725314285715
E2175,12918.812371428572
E2176,32597.3738
E2177,5040.831
E2178,6751.505114285715
E2179,26744.64757142857
E218,39867.5996
E2180,29943.58797142857
E2181,34229.5
E2182,4408.156885714286
E2183,9601.582857142857
E2184,3600.5935714285715
E2185,5369.649554285716
E2186,15394.5
E2187,10273.693657142858
E2188,2849.0
E2189,7084.0
E219,29461.414999999997
E2190,5601.188542857143
E2191,85805.5
E2192,26861.06002857143
E2193,64243.029235714275
E2194,6289.036771428572
E2195,11281.859857142857
E2196,7729.274200000001
E2197,443841.32017142855
E2198,8184.576342857144
E2199,9025.487885714287
E22,11325.5
E220,18965.014925714288
E2200,13154.168514285715
E2201,13125.299794285715
E2202,4797.734217142858
E2203,7891.657188571429
E2204,4997.976754285715
E2205,12836.322011428576
E2206,5255.588137142858
E2207,3140.246011428572
E2208,5472.902228571428
E2209,138248.9770857143
E221,36793.12334285714
E2210,49500.0
E2211,12926.113114285716
E2212,11953.970657142858
E2213,7875.639657142857
E2214,6673.100085714286
E2215,12434.0498
E2216,0.0
E2217,37326.64428571429
E2218,3024.4986
E2219,7238.0
E222,4767.604785714286
E2220,17325.0
E2221,15207.5
E2222,6357.601485714285
E2223,10508.0
E2224,22243.491142857143
E2225,5775.0
E2226,1824.300742857143
E2227,15842.611714285715
E2228,6545.0
E2229,15166.5
E223,11704.0
E2230,10356.5
E2231,5144.5
E2232,51501.74732142857
E2233,7787.117314285715
E2234,7726.113757142857
E2235,4400.295977142858
E2236,6089.853577142858
E2237,6231.119017142857
E2238,468.0
E2239,0.0
E224,2497.488542857143
E2240,3168.0
E2241,57871.0
E2242,13667.5
E2243,3088.5
E2244,11357.5
E2245,14912.5
E2246,8739.5
E2247,11896.5
E2248,30515.268914285716
E2249,16555.0
E225,144164.8891857143
E2250,18381.0
E2251,12050.5
E2252,105063.5456
E2253,18518.5
E2254,48669.55275
E2255,8046.499999999999
E2256,5852.0
E2257,7584.5
E2258,272.0
E2259,15785.0
E226,7556.395908571429
E2260,273672.8333333333
E2261,9536.0
E2262,106353.81259999999
E2263,327964.4909714286
E2264,87516.0
E2265,34452.0
E2266,9481.9904
E2267,4356.0
E2268,19576.060457142856
E2269,53843.3862
E227,105732.0
E2270,4770.3952
E2271,82923.5
E2272,19800.0
E2273,4462.699862857144
E2274,8424.053782857143
E2275,3018.442057142858
E2276,12286.914994285715
E2277,8287.484045714287
E2278,22612.266457142858
E2279,15026.47717142857
E228,14863.778428571428
E2280,13719.0
E2281,10703.0
E2282,30780.0
E2283,17165.5
E2284,50380.0
E2285,4784.5
E2286,22176.000000000004
E2287,123174.0
E2288,15619.88597142857
E2289,6503.0
E229,34340.58654285714
E2290,21447.10094285714
E2291,38327.5
E2292,5193.5
E2293,12402.782085714287
E2294,27584.831085714286
E2295,3348.7768914285716
E2296,8575.5
E2297,15142.227528571428
E2298,58686.928042857144
E2299,2714.5576
E23,6573.436542857144
E230,4575.322697142858
E2300,10741.5
E2301,36828.0
E2302,324611.3333333333
E2303,61957.80227142857
E2304,11233.851942857142
E2305,22515.7118
E2306,27599.364914285714
E2307,17482.4198
E2308,6386.387931428572
E2309,2160.5690514285716
E231,7969.499999999999
E2310,11960.0
E2311,1208.0
E2312,19852.9174
E2313,22539.486142857142
E2314,5509.6196
E2315,7021.431128571428
E2316,21460.320342857143
E2317,40957.338285714286
E2318,93506.60194285715
E2319,18930.838285714286
E232,1578.5
E2320,7238.0
E2321,312.0
E2322,9312.669142857143
E2323,16519.0
E2324,87740.65867142857
E2325,13499.769442857143
E2326,50086.30097142857
E2327,19673.5
E2328,9205.349760000001
E2329,3712.9944000000005
E233,47218.0
E2330,9722.43408
E2331,5123.268914285715
E2332,57084.61682857143
E2333,4898.057857142858
E2334,4128.680628571428
E2335,61776.0
E2336,25276.67662857143
E2337,15492.895028571427
E2338,11709.0
E2339,6694.700585714286
E234,32000.58654285714
E2340,29837.5
E2341,26668.18841142857
E2342,51782.30165714286
E2343,12065.645737142859
E2344,7045.5
E2345,3509.6922285714286
E2346,43470.13776
E2347,7847.399725714286
E2348,10549.0
E2349,29106.0
E235,160649.1690857143
E2350,9061.47442857143
E2351,12067.531914285715
E2352,11255.936914285716
E2353,7391.774914285715
E2354,4472.2455
E2355,18397.14762857143
E2356,2001.7036800000005
E2357,2796.0305371428576
E2358,4037.7245428571423
E2359,6386.387931428573
E236,6275.626651428573
E2360,3648.601485714286
E2361,3640.4070285714283
E2362,180180.0
E2363,9924.125728571427
E2364,951.9999999999999
E2365,8961.91152
E2366,3613.1190171428575
E2367,9976.745325714288
E2368,5381.538171428572
E2369,5337.876480000002
E237,29652.34014285714
E2370,3686.5
E2371,9023.55309714286
E2372,2510.0728685714294
E2373,5398.715131428572
E2374,3272.626651428572
E2375,5369.649554285716
E2376,9923.395908571429
E2377,1239.6037485714287
E2378,3833.353285714286
E2379,3785.4496914285724
E238,3050.215131428572
E2380,3961.1317285714285
E2381,1497.553782857143
E2382,82368.0
E2383,4947.0
E2384,11027.721542857144
E2385,7733.041988571429
E2386,6660.040485714286
E2387,21068.173642857142
E2388,4436.311371428572
E2389,41745.85934285714
E239,8614.09958857143
E2390,26972.003714285715
E2391,4817.218557142857
E2392,7661.5
E2393,6160.0
E2394,10326.249142857145
E2395,5833.088137142859
E2396,9605.0
E2397,3544.7573714285722
E2398,5082.0
E2399,1175.6037485714287
E24,8297.088137142859
E240,23088.000000000004
E2400,3399.7189485714293
E2401,3194.7484999999997
E2402,3916.1107714285713
E2403,18315.12574285714
E2404,2001.7036800000005
E2405,1683.9729371428575
E2406,42524.70051428571
E2407,40485.33388571429
E2408,3041.5
E2409,8165.680091428572
E241,6968.5
E2410,7283.057257142858
E2411,12551.845942857144
E2412,8255.133257142857
E2413,3988.271742857143
E2414,122202.0
E2415,5210.7841828571445
E2416,4415.083828571429
E2417,4405.519085714286
E2418,55586.1377
E2419,5437.9344228571435
E242,6861.0
E2420,2001.7036800000005
E2421,7535.110771428572
E2422,5537.065857142858
E2423,293436.0
E2424,7461.892091428572
E2425,4193.980571428572
E2426,4459.487371428571
E2427,79200.0
E2428,2656.5
E2429,30902.113714285715
E243,13513.5
E2430,3467.290414285714
E2431,3499.2694571428574
E2432,4616.236814285715
E2433,7571.808371428571
E2434,4352.911177142859
E2435,8317.988205714286
E2436,5215.873085714286
E2437,49576.05822857143
E2438,2880.474857142857
E2439,27726.8564
E244,15519.179628571428
E2440,14978.469257142857
E2441,12435.5
E2442,2896.3113714285714
E2443,10935.266142857145
E2444,4235.0
E2445,5115.180434285716
E2446,8488.826514285716
E2447,635.4614857142859
E2448,2446.5267200000008
E2449,4249.299794285715
E245,90269.28842857142
E2450,10470.611040000002
E2451,3353.0
E2452,5979.641920000001
E2453,5648.457325714287
E2454,13314.943242857142
E2455,4928.126651428573
E2456,1969.930605714286
E2457,2969.788342857143
E2458,9116.29216
E2459,73875.03908571429
E246,25186.537
E2460,787783.4937999999
E2461,38518.0
E2462,14797.284182857144
E2463,6097.005114285715
E2464,3833.353285714286
E2465,7892.5
E2466,3237.0538857142856
E2467,12067.231800000001
E2468,11041.802385714287
E2469,13779.673942857142
E247,16240.51037142857
E2470,3979.0495428571426
E2471,47693.93388571429
E2472,25520.242914285715
E2473,2751.5
E2474,36674.44217142857
E2475,2666.8098
E2476,35750.0
E2477,2502.5
E2478,3217.1038857142858
E2479,5236.0
E248,22691.553000000004
E2480,27181.0
E2481,17325.562842857144
E2482,4344.467057142857
E2483,4702.414994285715
E2484,12796.431128571428
E2485,10700.545805714286
E2486,9293.77238857143
E2487,15842.611714285715
E2488,6686.392091428572
E2489,7384.93824
E249,5939.295977142858
E2490,20471.47717142857
E2491,3525.6689828571434
E2492,26328.184314285714
E2493,4063.5267200000003
E2494,4148.3708
E2495,9673.0
E2496,5793.5
E2497,10380.746011428571
E2498,10873.0
E2499,5826.719228571428
E25,10692.5
E250,12355.032928571429
E2500,11858.0
E2501,17045.0
E2502,7674.5
E2503,4308.699862857144
E2504,38887.21088571429
E2505,4511.77654857143
E2506,5402.25
E2507,24021.859242857143
E2508,0.0
E2509,2075.5
E251,11237.091611428574
E2510,3168.522342857143
E2511,29207.077257142857
E2512,1959.2694571428572
E2513,13206.049622857143
E2514,8143.658671428571
E2515,4436.215131428572
E2516,12301.289285714287
E2517,3876.3150628571434
E2518,69580.33471428571
E2519,2880.474857142857
E252,13072.653714285714
E2520,15120.449071428571
E2521,38463.72185714285
E2522,9832.832328571429
E2523,3622.1304685714294
E2524,22295.5
E2525,16593.5
E2526,7211.515268571429
E2527,5215.873085714286
E2528,13420.295634285714
E2529,3304.3997257142864
E253,26027.5
E2530,126414.0
E2531,10240.0988
E2532,1603.9341285714286
E2533,1620.4267885714287
E2534,162.0
E2535,3431.4920228571436
E2536,1175.6037485714287
E2537,3322.2395142857144
E2538,1652.1998628571432
E2539,1429.788342857143
E254,11434.5
E2540,15558.270628571428
E2541,29299.8612
E2542,6262.888274285715
E2543,5841.583371428571
E2544,2015.5
E2545,12402.782085714285
E2546,9509.5
E2547,7831.108142857143
E2548,4740.9952
E2549,5819.782628571428
E255,68720.4944
E2550,48208.09257142857
E2551,15678.564714285714
E2552,3812.768914285715
E2553,9397.329771428573
E2554,401.99999999999994
E2555,9919.259714285714
E2556,1398.0152685714288
E2557,2529.1113828571433
E2558,3708.4382400000004
E2559,4002.561417142858
E256,26481.156845714286
E2560,11545.130342857143
E2561,4092.3296000000005
E2562,5277.926788571429
E2563,3242.5347142857145
E2564,40268.02187428572
E2565,3526.8112457142865
E2566,2120.9729371428575
E2567,5852.0
E2568,6046.673942857143
E2569,4797.734217142858
E257,54028.10562857143
E2570,3050.215131428572
E2571,5691.519085714286
E2572,32782.0
E2573,6655.338308571429
E2574,10581.619017142857
E2575,7161.0
E2576,8488.149554285716
E2577,67320.0
E2578,15588.970028571428
E2579,52722.0
E258,24354.0
E2580,12267.87648
E2581,5918.592428571429
E2582,8497.400828571428
E2583,5823.5
E2584,6410.165165714287
E2585,14855.791685714285
E2586,288.0
E2587,79200.0
E2588,11060.62630857143
E2589,3018.4420571428577
E259,35457.674685714286
E2590,4225.818880000001
E2591,317168.9434952381
E2592,1340219.7386666667
E2593,141822.0
E2594,4633.630468571429
E2595,4098.599931428572
E2596,5525.289285714287
E2597,2952.6113828571433
E2598,1366.2421942857145
E2599,3812.7689142857153
E26,3465.0
E260,25148.5
E2600,25938.0
E2601,13106.160600000001
E2602,27323.999999999996
E2603,23756.652685714285
E2604,198792.0
E2605,204336.0
E2606,0.0
E2607,8903.299794285715
E2608,40115.672857142854
E2609,86427.0
E261,83466.36911428571
E2610,80387.99999999999
E2611,85216.0
E2612,9320.419457142858
E2613,3086.0
E2614,39600.0
E2615,10988.946085714286
E2616,30953.999999999996
E2617,41448.0
E2618,2387.0
E2619,6350.5
E262,4081.0
E2620,160596.0
E2621,33264.0
E2622,307530.0
E2623,35293.216942857136
E2624,5929.0
E2625,1792.3230400000002
E2626,20449.02672
E2627,23116.5
E2628,28670.96214285714
E2629,33501.793742857146
E263,24103.5
E2630,10321.701571428574
E2631,14973.176428571429
E2632,48510.0
E2633,25806.0
E2634,31752.000000000004
E2635,25857.230514285715
E2636,10268.689657142859
E2637,6262.0
E2638,26531.999999999996
E2639,36827.37342857143
E264,29587.352685714286
E2640,3301.7645142857145
E2641,17683.445514285715
E2642,16612.470657142858
E2643,2310.0
E2644,6931.139657142857
E2645,6171.522342857143
E2646,5376.8864
E2647,7384.506514285715
E2648,9553.574942857143
E2649,6541.394314285714
E265,29259.589485714285
E2650,11089.8282
E2651,7777.282114285715
E2652,51235.186657142855
E2653,5136.846828571429
E2654,55104.226714285716
E2655,3984.6568857142856
E2656,2700.7113142857147
E2657,7057.1634
E2658,15631.0
E2659,18288.5
E266,24093.0
E2660,6622.0
E2661,3815.0
E2662,5192.110771428572
E2663,62056.5
E2664,7931.488014285715
E2665,37271.14594285715
E2666,7505.234628571429
E2667,244.0
E2668,25396.186657142858
E2669,16979.859857142856
E267,33154.0
E2670,4620.0
E2671,30210.345085714285
E2672,6234.682628571429
E2673,4216.688614285714
E2674,13026.960457142859
E2675,13238.5
E2676,2257.4191571428573
E2677,6314.0
E2678,5613.693914285715
E2679,21934.0
E268,16000.0
E2680,6226.9729371428575
E2681,4042.5
E2682,2923.122834285715
E2683,1239.1498971428575
E2684,2541.8459428571437
E2685,2033.4767542857148
E2686,5887.546148571429
E2687,5153.119017142858
E2688,16951.0
E2689,9656.730057142859
E269,72731.25514285715
E2690,3530.1113828571433
E2691,11088.837965714287
E2692,163944.0
E2693,23793.0
E2694,11576.470057142857
E2695,5351.5
E2696,38995.87424285714
E2697,9625.0
E2698,17325.0
E2699,23716.0
E27,15579.1728
E270,3971.6342857142863
E2700,22590.01945714286
E2701,2002.0
E2702,1232.0
E2703,3927.0
E2704,43776.0
E2705,24429.952085714285
E2706,32032.0
E2707,16233.218262857145
E2708,22376.0
E2709,10886.922742857143
E271,10816.89174857143
E2710,13525.300285714286
E2711,4081.0
E2712,103771.5
E2713,16247.0
E2714,12435.5
E2715,114157.9846
E2716,11126.5
E2717,1344.2216
E2718,16978.0
E2719,87755.35748571428
E272,36730.046514285714
E2720,2502.5
E2721,6583.5
E2722,172050.66666666666
E2723,6134.5
E2724,9688.6152
E2725,574.0
E2726,6860.910171428572
E2727,8134.499657142858
E2728,159768.0
E2729,2348.5
E273,0.0
E2730,3304.3997257142864
E2731,854.5
E2732,140.0
E2733,53845.7724
E2734,19507.50894285714
E2735,70.0
E2736,3890.0586
E2737,8393.0
E2738,68042.0
E2739,43560.0
E274,128795.63237142857
E2740,168.0
E2741,3979.0495428571426
E2742,30447.594285714284
E2743,90375.22099999999
E2744,7952.4475142857145
E2745,6645.0
E2746,1302.696045714286
E2747,4924.826514285715
E2748,6195.749485714287
E2749,12261.149554285716
E275,25102.0
E2750,20727.643685714283
E2751,30775.179585714286
E2752,6732.000000000001
E2753,86185.28211428571
E2754,16340.0
E2755,2382.980571428572
E2756,3868.0229028571434
E2757,7305.395908571429
E2758,67968.0
E2759,14509.464960000001
E276,56173.8368
E2760,4194.045805714287
E2761,96300.6648
E2762,285120.0
E2763,4301.874242857143
E2764,5230.110771428572
E2765,4106.578200000001
E2766,109855.69687619049
E2767,4562.562871428571
E2768,14529.77238857143
E2769,8505.0
E277,26918.091611428572
E2770,4106.040485714286
E2771,11302.193914285714
E2772,5528.514925714287
E2773,13376.379314285714
E2774,3363.826857142857
E2775,11731.457325714287
E2776,50967.0
E2777,12782.0
E2778,1683.9729371428575
E2779,18527.874214285715
E278,80212.0
E2780,7835.290028571429
E2781,3770.8421257142863
E2782,3272.626651428572
E2783,10421.795634285716
E2784,22271.0
E2785,4638.868845714286
E2786,63066.5
E2787,17618.904542857144
E2788,3812.768914285715
E2789,28288.000335714285
E279,8547.0
E2790,40800.5
E2791,195588.0
E2792,7704.1172
E2793,4893.0534400000015
E2794,16495.273028571428
E2795,4557.431128571428
E2796,4460.104785714286
E2797,8606.0
E2798,18461.45977142857
E2799,4010.980571428572
E28,6601.886214285714
E280,19593.0
E2800,39389.17114285714
E2801,3685.676617142858
E2802,4464.7360285714285
E2803,4243.422171428572
E2804,12351.916142857142
E2805,19875.276514285713
E2806,2310.0
E2807,2541.0
E2808,4818.261280000001
E2809,2319.4191571428573
E281,20928.116757142856
E2810,1270.9229714285718
E2811,4932.353577142858
E2812,7794.485014285714
E2813,0.0
E2814,0.0
E2815,23593.13741714286
E2816,4625.0
E2817,37869.0
E2818,10080.0
E2819,47148.78254285714
E282,71621.58437142857
E2820,15158.0
E2821,113553.0
E2822,12782.0
E2823,22028.35845714286
E2824,9564.721542857144
E2825,5478.0
E2826,6804.419154285714
E2827,22601.484045714285
E2828,9647.754485714286
E2829,4131.93824
E283,6059.0
E2830,8746.353577142858
E2831,97389.0
E2832,1916.676642857143
E2833,1398.0152685714288
E2834,207027.3333333333
E2835,49790.0
E2836,23852.645685714284
E2837,8643.90182857143
E2838,7079.814357142857
E2839,417959.61583571427
E284,20527.606880000003
E2840,31680.0
E2841,12726.492671428572
E2842,112860.0
E2843,34037.967014285714
E2844,13539.796385714284
E2845,3717.449691428572
E2846,1963.5
E2847,8349.0
E2848,3426.443257142857
E2849,8785.448314285715
E285,31261.449348571427
E2850,12666.5
E2851,3598.076714285714
E2852,14822.5
E2853,27805.159571428572
E2854,4993.534354285715
E2855,11308.598785714286
E2856,3812.7689142857153
E2857,6887.0
E2858,5274.330331428572
E2859,9141.803611428571
E286,50820.0
E2860,4066.9535085714288
E2861,3957.5
E2862,7276.034011428573
E2863,11704.0
E2864,4463.5
E2865,1556.8806400000003
E2866,2256.371971428571
E2867,16418.706685714285
E2868,9841.622428571429
E2869,12139.93824
E287,61105.44534285714
E2870,7057.1634
E2871,2243.8730057142857
E2872,5981.653714285714
E2873,10874.133942857145
E2874,6773.545805714287
E2875,30277.5
E2876,2319.4344228571435
E2877,3180.607565714286
E2878,67331.0
E2879,1461.5614171428576
E288,216749.5
E2880,2637.165165714286
E2881,7518.853577142858
E2882,8280.63046857143
E2883,95832.0
E2884,1366.2421942857145
E2885,4504.5
E2886,8497.400828571428
E2887,4245.061417142857
E2888,176.0
E2889,1493.3344914285717
E289,60406.071814285715
E2890,4279.089771428572
E2891,45610.00745714286
E2892,5544.000000000001
E2893,192.0
E2894,4224.110771428572
E2895,8505.555057142858
E2896,10390.5
E2897,36923.04125714286
E2898,5813.5
E2899,3132.443257142857
E29,8099.299794285715
E290,10785.711314285714
E2900,2695.0
E2901,3807.3979714285715
E2902,4851.0
E2903,29618.8516
E2904,172.0
E2905,12271.0
E2906,3003.0
E2907,9719.0
E2908,4148.5
E2909,6010.9046285714285
E291,21329.425114285714
E2910,1947.1944571428571
E2911,32066.970028571428
E2912,5055.93824
E2913,3812.7689142857153
E2914,3876.315062857144
E2915,7403.12630857143
E2916,4944.815171428571
E2917,11809.946914285714
E2918,10715.574942857143
E2919,55025.64757142857
E292,10212.357394285715
E2920,68779.55302857142
E2921,2065.249828571429
E2922,6132.203337142859
E2923,1930.3844571428574
E2924,6338.030537142858
E2925,8793.86502857143
E2926,1207.3768228571432
E2927,1334.4691200000002
E2928,29700.0
E2929,3010.0
E293,17979.879954285716
E2930,23362.640685714287
E2931,2512.9760428571426
E2932,12287.460828571428
E2933,4444.531914285714
E2934,15762.915337142857
E2935,9871.141920000002
E2936,49390.0
E2937,2382.980571428572
E2938,2097.0229028571434
E2939,4953.326857142857
E294,13064.361211428572
E2940,111276.0
E2941,7362.045805714287
E2942,5354.5114514285715
E2943,5303.665165714287
E2944,3545.849760000001
E2945,4289.365028571429
E2946,53092.0
E2947,7437.646699999999
E2948,29044.0
E2949,4158.0
E295,13860.0
E2950,15262.484045714287
E2951,3503.5
E2952,3344.0948285714285
E2953,173270.2162857143
E2954,25228.341914285716
E2955,8311.5
E2956,16131.626651428573
E2957,9682.338828571428
E2958,9548.0
E2959,13354.110771428572
E296,50031.222942857145
E2960,22282.2742
E2961,9697.598685714285
E2962,5376.8864
E2963,40529.049314285716
E2964,19800.0
E2965,38769.5
E2966,7584.5
E2967,3124.930605714286
E2968,119815.5
E2969,25179.0
E297,3874.533828571429
E2970,10756.222765714287
E2971,5362.076685714286
E2972,8733.064891428574
E2973,4275.361742857142
E2974,4426.737342857143
E2975,6336.0
E2976,6439.547142857143
E2977,10272.519971428572
E2978,57710.0
E2979,6962.850285714286
E298,44363.0
E2980,44763.7786
E2981,95193.0
E2982,200.0
E2983,12318.121457142857
E2984,25831.655828571427
E2985,6222.5562
E2986,36518.394485714285
E2987,5418.280228571429
E2988,4950.659200000001
E2989,18875.652885714284
E299,4673.0
E2990,77827.12696428571
E2991,5786.71894857143
E2992,1747.5190857142861
E2993,10174.964057142857
E2994,7119.1475714285725
E2995,5909.791817142858
E2996,9025.487885714285
E2997,1429.788342857143
E2998,6097.005114285715
E2999,4116.0
E3,17481.290414285715
E30,29154.3456
E300,21170.091611428572
E3000,32768.10619428572
E3001,33488.0
E3002,4321.138102857143
E3003,4201.0690514285725
E3004,5199.065234285715
E3005,2964.5
E3006,12997.684594285714
E3007,13461.039942857144
E3008,5566.473042857142
E3009,11268.571842857142
E301,31511.5
E3010,15935.5
E3011,5274.5
E3012,4152.104785714286
E3013,1198.5988
E3014,3126.0
E3015,814254.0209047619
E3016,146.0
E3017,6005.586814285714
E3018,182.0
E3019,7270.467057142858
E302,9838.9401
E3020,15933.372320000002
E3021,4003.407360000001
E3022,31815.147571428577
E3023,7738.499999999999
E3024,9900.0
E3025,9210.794499999998
E3026,12964.862257142857
E3027,4752.5223428571435
E3028,14926.0
E3029,9171.841782857144
E303,7027.952085714285
E3030,12474.0
E3031,5321.243942857142
E3032,77740.96643809523
E3033,1335.2488
E3034,2064.340314285714
E3035,4586.0958
E3036,39600.0
E3037,169066.77440714286
E3038,15556.77842857143
E3039,10310.768942857143
E304,15015.0
E3040,40062.0
E3041,12558.359257142856
E3042,808.5
E3043,7276.5
E3044,37705.176628571426
E3045,4066.9535085714297
E3046,7120.342125714286
E3047,8400.307257142857
E3048,7584.5
E3049,17578.065842857144
E305,58640.14831428572
E3050,5940.239514285714
E3051,16352.999985714285
E3052,894.4490999999999
E3053,29353.5
E3054,7301.4431
E3055,10480.673642857142
E3056,4063.7101714285714
E3057,20051.0
E3058,1575.9341285714286
E3059,5955.7095714285715
E306,49018.214445714286
E3060,1715.7460114285718
E3061,2470.3832285714284
E3062,9706.0
E3063,984.965302857143
E3064,6742.884457142857
E3065,4785.284914285714
E3066,14167.813771428571
E3067,54310.29790476191
E3068,47548.391
E3069,1042.227542857143
E307,33507.67077142857
E3070,22996.990999999998
E3071,5197.5
E3072,61677.0
E3073,8162.0
E3074,33435.35921428571
E3075,25257.538871428573
E3076,15172.817357142856
E3077,25720.6946
E3078,7013.0
E3079,17616.668982857143
E308,25538.5
E3080,250850.4736
E3081,4003.407360000001
E3082,6252.865028571429
E3083,2382.980571428572
E3084,35522.407114285714
E3085,37205.94045714286
E3086,5445.0
E3087,19626.687725714288
E3088,1429.788342857143
E3089,3622.1304685714294
E309,4801.330674285715
E3090,4403.596114285714
E3091,2541.8459428571437
E3092,10571.591954285715
E3093,2541.8459428571437
E3094,2510.072868571429
E3095,14738.429685714285
E3096,93419.3932857143
E3097,1115.5
E3098,6681.526720000001
E3099,36036.0
E31,1493.3344914285717
E310,10523.487862857144
E3100,414.0
E3101,11104.859271428571
E3102,40257.559114285716
E3103,5877.808371428571
E3104,3826.8323285714287
E3105,3279.6467
E3106,11507.215131428573
E3107,2828.819222857143
E3108,11887.931085714285
E3109,86723.72671428572
E311,42045.93851428571
E3110,3580.5
E3111,6372.511108571431
E3112,22036.473457142856
E3113,0.0
E3114,3640.4070285714283
E3115,4864.395714285714
E3116,4176.688542857143
E3117,14152.514925714288
E3118,4448.2304
E3119,8696.515714285713
E312,5238.916157142857
E3120,54224.5
E3121,25336.13917142857
E3122,409529.74577142857
E3123,20829.3993
E3124,51250.498600000006
E3125,13513.5
E3126,27079.0
E3127,28952.0
E3128,274872.27937142854
E3129,15015.0
E313,22310.16167142857
E3130,20801.0
E3131,21174.84682857143
E3132,4774.0
E3133,6237.0
E3134,731.5
E3135,730.7807085714287
E3136,7820.492022857144
E3137,12356.372662857144
E3138,2541.845942857143
E3139,11761.939
E314,31536.50594285714
E3140,21106.422171428574
E3141,3566.0
E3142,17137.0
E3143,19799.445314285716
E3144,19488.458
E3145,5428.5
E3146,5082.0
E3147,13898.5
E3148,26407.194571428572
E3149,37936.474428571426
E315,25913.9198
E3150,9201.5
E3151,731.5
E3152,140121.48501428572
E3153,4235.0
E3154,14553.0
E3155,7315.0
E3156,577.5
E3157,6481.068428571429
E3158,8292.77238857143
E3159,6208.338371428572
E316,8322.738034285716
E3160,13951.706585714286
E3161,7815.5
E3162,1048.5114514285717
E3163,1429.788342857143
E3164,15449.464057142857
E3165,11746.6172
E3166,5967.5
E3167,9317.0
E3168,234531.48691428572
E3169,27527.5
E317,38885.0
E3170,6941.5
E3171,5544.0
E3172,230335.00372857144
E3173,5215.873085714286
E3174,20615.648
E3175,4130.499657142858
E3176,10549.0
E3177,13744.5
E3178,2954.8959085714287
E3179,3050.215131428572
E318,48610.15963428572
E3180,444.82304000000016
E3181,3631.015268571429
E3182,1779.2921600000006
E3183,1398.0152685714288
E3184,2510.0728685714294
E3185,6776.0
E3186,4179.38064
E3187,23003.70578285715
E3188,9064.507291428572
E3189,12375.084320000002
E319,2859.576685714286
E3190,2537.2768914285716
E3191,4439.353577142858
E3192,889.6460800000003
E3193,16802.337965714287
E3194,5621.0
E3195,32821.511685714286
E3196,0.0
E3197,49441.12648571428
E3198,29303.85622857143
E3199,9340.669142857143
E32,2085.0
E320,15323.0
E3200,4988.372662857144
E3201,409656.0
E3202,42011.437600000005
E3203,48.0
E3204,13167.0
E3205,143305.6154095238
E3206,37502.158285714286
E3207,3465.0
E3208,242836.0
E3209,138321.0
E321,24382.81819428572
E3210,327200.8882666667
E3211,24723.856399999997
E3212,125154.0
E3213,32269.36917142857
E3214,79353.0
E3215,204390.0
E3216,4144.5
E3217,9708.922971428572
E3218,18554.799794285715
E3219,4196.5
E322,23518.5
E3220,5472.902228571429
E3221,85453.5
E3222,66325.97011428571
E3223,150.0
E3224,2385.1976
E3225,18711.0
E3226,4256.991014285714
E3227,7161.0
E3228,3821.305385714286
E3229,1959.269457142857
E323,31570.5
E3230,6930.0
E3231,2524.5
E3232,2464.0
E3233,5687.380297142859
E3234,7342.161005714287
E3235,5972.5
E3236,17286.5
E3237,290269.3058571429
E3238,4966.5
E3239,2064.340314285714
E324,5782.699520000001
E3240,1974.3165714285715
E3241,38636.626142857145
E3242,145989.0
E3243,147708.0
E3244,139140.54608571428
E3245,10626.0
E3246,8893.5
E3247,2966.474857142857
E3248,198396.0
E3249,2194.5
E325,18344.0
E3250,29226.64522857143
E3251,2446.5267200000003
E3252,6616.541988571429
E3253,1308.5
E3254,553066.719
E3255,1638.0
E3256,4255.561914285714
E3257,4289.365028571429
E3258,4354.349760000001
E3259,7749.5378285714305
E326,60563.52277142857
E3260,1048.5114514285717
E3261,8336.01110857143
E3262,1904.0999314285716
E3263,2128.7959771428577
E3264,9110.87648
E3265,34804.0
E3266,15438.5
E3267,63968.0
E3268,49068.0
E3269,21937.724528571427
E327,18446.0
E3270,5324.101785714285
E3271,2214.8263428571427
E3272,160.0
E3273,4181.6075657142865
E3274,2240.1152
E3275,8289.75
E3276,15693.191585714285
E3277,54565.5
E3278,28417.0
E3279,17667.757120000002
E328,15027.26157142857
E3280,4150.976754285715
E3281,7894.065234285715
E3282,25103.26509714286
E3283,22571.759771428573
E3284,11231.369171428572
E3285,80127.0
E3286,28548.216257142856
E3287,15282.864371428572
E3288,4729.64762857143
E3289,2079.0
E329,54115.43037142858
E3290,16670.5
E3291,1906.3844571428574
E3292,5592.061074285715
E3293,83131.6474642857
E3294,4116.934128571429
E3295,11148.0
E3296,1575.9341285714286
E3297,4209.5419142857145
E3298,6644.479028571428
E3299,262331.5516285714
E33,125746.5
E330,12458.922971428572
E3300,11668.0
E3301,14745.5
E3302,7045.5
E3303,18498.347342857145
E3304,11756.0479
E3305,3471.085771428571
E3306,22571.063314285715
E3307,0.0
E3308,13458.926788571429
E3309,11561.42262857143
E331,16131.500000000002
E3310,571.9153371428572
E3311,4321.138102857144
E3312,11912.864685714287
E3313,10369.709485714287
E3314,6237.0
E3315,4889.5
E3316,3426.5
E3317,270864.0
E3318,13398.0
E3319,23079.122742857144
E332,21148.0
E3320,4698.664885714286
E3321,9778.5
E3322,22266.0
E3323,17402.0
E3324,4109.89590857143
E3325,6499.476754285715
E3326,125552.0
E3327,8423.732542857142
E3328,87658.0
E3329,32875.923514285714
E333,36922.98025714286
E3330,11527.108142857143
E3331,35861.5
E3332,8717.592428571428
E3333,7661.786885714286
E3334,162521.3333333333
E3335,28397.184342857145
E3336,3332.089814285714
E3337,0.0
E3338,23777.324428571428
E3339,15900.5
E334,185724.0
E3340,15515.5
E3341,9357.191885714286
E3342,730.7807085714287
E3343,9158.5
E3344,176767.20297142857
E3345,5210.784182857144
E3346,3312.5652342857147
E3347,6660.5
E3348,7237.830331428572
E3349,21151.0
E335,20636.0
E3350,9262.0
E3351,35225.4078
E3352,4983.359271428571
E3353,2128.7959771428577
E3354,4285.21894857143
E3355,3209.080502857143
E3356,49534.645685714284
E3357,3653.9035428571433
E3358,38135.14428571428
E3359,10920.0
E336,7546.32304
E3360,60151.3766
E3361,10781.877228571428
E3362,4678.5935714285715
E3363,14961.607565714286
E3364,9664.472594285715
E3365,1155.0
E3366,13164.727742857143
E3367,43005.64754285714
E3368,8896.4608
E3369,1683.9729371428575
E337,48326.68617142857
E3370,15234.068365714287
E3371,3516.5777428571428
E3372,10114.619017142857
E3373,6990.076342857144
E3374,2836.131057142857
E3375,10436.75
E3376,18311.015342857143
E3377,78885.97512857143
E3378,4543.0
E3379,47651.2954
E338,27552.041645714286
E3380,73051.07105714286
E3381,47097.24422857143
E3382,17336.062857142857
E3383,4543.0
E3384,2541.0
E3385,25752.26945714286
E3386,4002.5087714285714
E3387,5136.238377142858
E3388,14591.5
E3389,0.0
E339,15059.70368
E3390,4213.5
E3391,49924.57445714286
E3392,11344.854742857144
E3393,11896.5
E3394,44471.5
E3395,36726.68262857143
E3396,239643.0
E3397,2849.0
E3398,9301.5
E3399,153796.58000238094
E34,7136.799794285715
E340,84136.49968571428
E3400,31472.394485714285
E3401,24832.5
E3402,2308.0
E3403,93438.0
E3404,11999.823085714286
E3405,10589.5
E3406,12358.5
E3407,7430.5
E3408,7991.768771428571
E3409,5184.854742857144
E341,46022.2644
E3410,4320.712285714286
E3411,25684.234142857145
E3412,0.0
E3413,6006.0
E3414,9394.0
E3415,8689.965542857142
E3416,67451.27602857143
E3417,9971.5
E3418,78597.0
E3419,0.0
E342,8585.5
E3420,26477.491714285716
E3421,32947.42831428572
E3422,220416.91945714285
E3423,13297.714428571428
E3424,37934.50298571429
E3425,135036.0
E3426,1344.0
E3427,17402.0
E3428,3653.9035428571433
E3429,22329.111040000003
E343,6048.9972
E3430,18749.5
E3431,8445.080502857143
E3432,20905.5
E3433,13838.053440000002
E3434,5120.5
E3435,12204.5
E3436,5369.2265828571435
E3437,5792.3036114285715
E3438,7339.580160000001
E3439,62923.19548571429
E344,47901.16802857143
E3440,1771.0
E3441,8932.0
E3442,9058.62630857143
E3443,8354.5
E3444,8200.5
E3445,8931.696314285713
E3446,21753.414651428575
E3447,6269.322697142858
E3448,4098.7265828571435
E3449,3859.715131428572
E345,11165.0
E3450,7737.638445714286
E3451,14915.5
E3452,6878.565234285715
E3453,5465.984388571429
E3454,9095.018742857144
E3455,11422.5
E3456,3263.6152
E3457,5306.103405714286
E3458,3403.3806400000003
E3459,5989.0
E346,5621.0
E3460,1406.603748571429
E3461,10744.757120000002
E3462,34154.84354285714
E3463,10422.034354285715
E3464,6661.642262857144
E3465,10586.876822857143
E3466,28825.960800000004
E3467,4625.0
E3468,8932.0
E3469,10645.461485714286
E347,15592.5
E3470,29611.8684
E3471,7388.5534400000015
E3472,10573.0
E3473,5268.619017142858
E3474,6093.818880000001
E3475,7887.041988571429
E3476,9838.9401
E3477,7801.299385714286
E3478,9498.197585714286
E3479,7130.0
E348,5714.592428571429
E3480,12498.00597142857
E3481,32842.619628571425
E3482,9243.817357142856
E3483,30875.484985714284
E3484,83277.00262857143
E3485,561060.0
E3486,4928.0
E3487,14559.784525714287
E3488,5999.8226971428585
E3489,5464.968777142858
E349,53707.5
E3490,4403.722765714287
E3491,1588.6537142857148
E3492,5041.045805714286
E3493,2369.249828571429
E3494,52118.0
E3495,7873.297942857143
E3496,48801.5
E3497,15438.5
E3498,17710.0
E3499,36613.58491428572
E35,1925.0
E350,24385.5
E3500,53248.0
E3501,866482.0947428572
E3502,226869.5
E3503,1061136.3185142856
E3504,3812.768914285715
E3505,92800.852
E3506,0.0
E3507,236412.0
E3508,19173.0
E3509,38.5
E351,8644.307428571428
E3510,5148.0
E3511,1811.0652342857145
E3512,5909.791817142858
E3513,5520.519085714286
E3514,0.0
E3515,276906.3736285714
E3516,586410.9865285713
E3517,79595.99999999999
E3518,13860.0
E3519,721862.6666666666
E352,45711.0
E3520,299056.0324857143
E3521,9209.0
E3522,11731.473042857142
E3523,54879.0
E3524,15170.500914285714
E3525,7393.218800000001
E3526,17297.0
E3527,39704.07988571429
E3528,32799.12037142857
E3529,1100.5881714285715
E353,16638.20828571429
E3530,290.0
E3531,6899.841228571428
E3532,30774.138485714284
E3533,11471.515171428573
E3534,6222.0
E3535,27726.355857142855
E3536,48100.0
E3537,4086.5
E3538,31561.68617142857
E3539,164.0
E354,8662.5
E3540,28528.284428571435
E3541,72126.5
E3542,198586.12445714284
E3543,417388.84257142857
E3544,347627.7513571429
E3545,53734.0
E3546,1655.5
E3547,9432.5
E3548,6083.0
E3549,27344.98404571429
E355,104030.5
E3550,106050.36011428571
E3551,5473.347299999999
E3552,31835.366
E3553,37220.22846428571
E3554,5813.5
E3555,39959.032250000004
E3556,7931.0
E3557,90783.0
E3558,27385.5
E3559,12259.5
E356,25434.0
E3560,15515.5
E3561,17132.5
E3562,35574.0
E3563,9796.622742857144
E3564,134786.66666666666
E3565,9047.5
E3566,11484.0
E3567,70444.0
E3568,99792.0
E3569,17363.5
E357,17363.5
E3570,56822.4846
E3571,3279.6467
E3572,6660.5
E3573,4427.5
E3574,3003.0
E3575,5852.0
E3576,202.0
E3577,51597.0
E3578,7199.5
E3579,8712.0
E358,35409.5
E3580,326.0
E3581,56796.13791428572
E3582,410.0
E3583,4503.14608
E3584,4312.0
E3585,11396.0
E3586,21640.0
E3587,51876.0
E3588,103680.0
E3589,5348.480028571429
E359,18456.017028571427
E3590,31884.04487142857
E3591,8731.526928571428
E3592,3308.4910142857143
E3593,5596.167657142857
E3594,11473.0
E3595,13718.0
E3596,39728.78525714285
E3597,15463.0
E3598,1269.9094285714284
E3599,306.0
E36,82863.77242857144
E360,155123.3896285714
E3600,14630.0
E3601,8702.38064
E3602,23366.333485714284
E3603,4910.316457142857
E3604,12050.5
E3605,38088.8516
E3606,12531.544742857142
E3607,10751.899828571428
E3608,3936.7192285714286
E3609,5714.592428571428
E361,31663.075085714285
E3610,16891.51277142857
E3611,2635.069428571429
E3612,6780.517957142857
E3613,25615.985628571427
E3614,11159.317342857143
E3615,10540.248257142855
E3616,6391.877457142858
E3617,29939.5
E3618,17556.0
E3619,32792.59257142857
E362,71937.0
E3620,6674.549457142858
E3621,384534.0
E3622,12.0
E3623,6857.4431
E3624,118319.63764285714
E3625,84238.0
E3626,8112.5
E3627,42389.009295238095
E3628,57024.0
E3629,8424.428128571428
E363,141743.5
E3630,4704.7756
E3631,4464.7360285714285
E3632,4273.5
E3633,44858.170828571434
E3634,8205.933885714287
E3635,0.0
E3636,7969.5
E3637,31467.0
E3638,28836.5
E3639,10893.0
E364,590961.1159142858
E3640,21304.5
E3641,2827.8036114285724
E3642,5541.545805714287
E3643,6322.841782857144
E3644,8960.00694857143
E3645,9492.007634285714
E3646,2668.9382400000004
E3647,4416.4573257142865
E3648,2808.4306057142862
E3649,2192.342125714286
E365,34676.12687857143
E3650,6067.811245714287
E3651,2097.0229028571434
E3652,6132.203337142859
E3653,25943.245668571428
E3654,9193.461142857144
E3655,6111.4729371428575
E3656,7705.711314285715
E3657,5179.603748571429
E3658,8607.795977142858
E3659,3776.426788571429
E366,240.0
E3660,3308.32304
E3661,5020.145737142859
E3662,11600.907017142858
E3663,13724.742194285715
E3664,27308.0
E3665,13981.5
E3666,7238.483742857143
E3667,0.0
E3668,27012.753057142858
E3669,53607.5
E367,100307.73806428572
E3670,21237.0
E3671,39536.513542857145
E3672,3050.215131428572
E3673,9373.056914285717
E3674,28958.0
E3675,3622.130468571429
E3676,203454.33882857143
E3677,240960.81517142858
E3678,95355.25147142858
E3679,25767.85927142857
E368,113256.0
E3680,98837.10177142857
E3681,7751.8922
E3682,41263.72454285714
E3683,28443.640885714285
E3684,846.0000000000001
E3685,4923.769457142857
E3686,5649.9318
E3687,208.0
E3688,6730.519971428572
E3689,17411.4832
E369,72652.78351428572
E3690,2880.474857142857
E3691,848.0
E3692,32076.46214285714
E3693,324315.0
E3694,10645.461485714286
E3695,9817.5
E3696,10125.5
E3697,4889.5
E3698,14014.0
E3699,10935.0
E37,7324.434422857143
E370,123156.0
E3700,36172.0
E3701,4504.5
E3702,104710.5
E3703,7448.886214285714
E3704,8518.562857142857
E3705,10395.0
E3706,10033.654085714286
E3707,21447.90417142857
E3708,3580.5
E3709,7546.0
E371,96540.70437142857
E3710,169092.0
E3711,8889.366
E3712,53460.0
E3713,12136.5
E3714,286308.0
E3715,35438.726657142855
E3716,15880.5
E3717,2878.4613714285715
E3718,47265.5
E3719,208.0
E372,3042.5
E3720,10202.5
E3721,17941.0
E3722,66098.01814285714
E3723,18742.30645714286
E3724,19185.445685714287
E3725,12396.5
E3726,13340.011957142857
E3727,3682.7373428571427
E3728,9207.883228571429
E3729,18866.81853714286
E373,2598.0
E3730,15048.0
E3731,22466.69337142857
E3732,14360.5
E3733,12474.0
E3734,8239.0
E3735,13898.5
E3736,56586.719228571426
E3737,40113.13130714286
E3738,7339.580160000001
E3739,17412.726714285713
E374,48412.060028571424
E3740,63659.0
E3741,199583.99999999997
E3742,13394.208085714286
E3743,5659.5
E3744,57929.544628571435
E3745,4800.791428571429
E3746,39888.34725714286
E3747,9481.990399999999
E3748,1078.0
E3749,6363.0
E375,161395.3333333333
E3750,28876.757471428573
E3751,3657.5
E3752,12743.5
E3753,0.0
E3754,4448.230400000001
E3755,10368.365257142857
E3756,11894.818314285714
E3757,9924.12572857143
E3758,8855.0
E3759,2725.940114285714
E376,136224.0
E3760,30725.065142857144
E3761,3844.8482285714285
E3762,111260.45068571428
E3763,7441.2267142857145
E3764,131470.0
E3765,8591.805857142857
E3766,31608.5
E3767,25626.554
E3768,6737.5
E3769,36432.0
E377,46072.53025714286
E3770,103626.0
E3771,59061.52094285714
E3772,31061.120542857145
E3773,48312.0
E3774,22323.68014285714
E3775,55068.51594285714
E3776,56874.25305714286
E3777,15592.5
E3778,7026.588137142858
E3779,8729.895908571429
E378,9183.424571428572
E3780,4996.538171428572
E3781,11832.657531428571
E3782,3558.5843200000013
E3783,2192.342125714286
E3784,17640.876822857143
E3785,11088.000000000002
E3786,5020.122834285715
E3787,46404.0
E3788,0.0
E3789,2923.122834285715
E379,3666.554
E3790,79992.0
E3791,62400.0
E3792,3240.853577142858
E3793,9275.31888
E3794,396287.89202857146
E3795,181760.37794285713
E3796,7589.519085714285
E3797,6948.868845714287
E3798,48086.10597142857
E3799,11781.0
E38,21081.0
E380,3476.0
E3800,6186.7464
E3801,18655.0
E3802,18387.03117142857
E3803,5409.2874142857145
E3804,936.0
E3805,16540.822571428573
E3806,3336.1728000000007
E3807,117145.73849999999
E3808,10918.89077142857
E3809,26824.0
E381,8739.75
E3810,1925.0
E3811,115785.0
E3812,6737.5
E3813,4861.280365714287
E3814,6077.376822857143
E3815,14137.918811428572
E3816,21415.052068571433
E3817,11110.888274285715
E3818,3399.7189485714293
E3819,20394.5
E382,130284.0
E3820,9322.514742857144
E3821,33033.0
E3822,14335.0
E3823,57444.161092857146
E3824,3580.5
E3825,64547.99999999999
E3826,5197.5
E3827,92268.0
E3828,6468.0
E3829,9505.56702857143
E383,1864.0
E3830,16033.859857142857
E3831,20499.379399999998
E3832,8213.100085714286
E3833,21697.887314285716
E3834,10739.767685714287
E3835,9841.622428571429
E3836,2425.5
E3837,27962.0
E3838,4774.0
E3839,0.0
E384,150.0
E3840,8008.0
E3841,2541.0
E3842,4543.0
E3843,9197.131728571429
E3844,11302.5
E3845,17941.0
E3846,5043.5
E3847,4235.0
E3848,19904.5
E3849,116100.0
E385,62175.1225
E3850,74866.0
E3851,105741.0
E3852,93060.0
E3853,33264.0
E3854,16653.790385714285
E3855,52941.934114285716
E3856,8701.0
E3857,14306.358457142856
E3858,25659.0
E3859,113652.0
E386,15048.0
E3860,163512.0
E3861,10942.638445714285
E3862,166.0
E3863,1326.0694285714287
E3864,6838.257471428572
E3865,13629.70057142857
E3866,324.0
E3867,1018.4490999999999
E3868,4378.155685714286
E3869,6928.059871428572
E387,87750.7125
E3870,12729.037885714286
E3871,5296.298342857142
E3872,7315.0
E3873,12636.535914285714
E3874,9796.347285714284
E3875,1064.8203571428571
E3876,25124.58817142857
E3877,16093.0
E3878,1704.6537142857146
E3879,2033.4767542857148
E388,1246.0
E3880,984.965302857143
E3881,21945.0
E3882,9838.9401
E3883,1216.0
E3884,18884.27672
E3885,4196.5
E3886,94610.27931428571
E3887,10530.0
E3888,30774.138485714288
E3889,8739.5
E389,720.0
E3890,208.0
E3891,5587.601485714285
E3892,33937.430714285714
E3893,105682.65
E3894,6336.0
E3895,3168.0
E3896,5313.0
E3897,45990.78349714286
E3898,3657.5
E3899,4608.759771428571
E39,15669.500000000002
E390,28849.519542857142
E3900,4119.5
E3901,7700.0
E3902,37117.498314285716
E3903,71040.0
E3904,462.0
E3905,30096.0
E3906,5505.5
E3907,7104.952085714285
E3908,77.0
E3909,18612.0
E391,131278.5407595238
E3910,4889.5
E3911,5159.0
E3912,1617.0
E3913,51967.103062857146
E3914,16967.473042857142
E3915,76341.2188
E3916,40605.3335
E3917,25235.745314285712
E3918,79054.0
E3919,120365.5
E392,77688.0
E3920,1082.0
E3921,49444.0
E3922,8559.0
E3923,13200.464960000001
E3924,2964.5
E3925,5560.288000000001
E3926,7663.488205714286
E3927,10866.0
E3928,2541.8459428571437
E3929,3780.9958400000005
E393,4301.253645714287
E3930,10478.134285714286
E3931,15169.0
E3932,3272.6266514285726
E3933,8092.634714285714
E3934,520686.0
E3935,1397.0
E3936,8518.562857142857
E3937,6709.703337142859
E3938,18072.74601142857
E3939,8933.134285714286
E394,6870.599931428572
E3940,15279.0
E3941,2853.718557142857
E3942,27778.901171428573
E3943,10225.5
E3944,1693.2125714285714
E3945,27731.168599999997
E3946,38654.0
E3947,60098.5
E3948,81873.0
E3949,2891.3497600000005
E395,28064.99837142857
E3950,5856.965542857142
E3951,154044.0
E3952,13791.122057142858
E3953,11640.836428571427
E3954,58504.5
E3955,0.0
E3956,193790.5
E3957,34553.13422857143
E3958,56249.94362857143
E3959,32340.36011428571
E396,24326.5
E3960,56441.0
E3961,962.5
E3962,44264.33422857143
E3963,116172.0
E3964,8736.446100000001
E3965,15938.627542857143
E3966,6145.013028571429
E3967,9157.45507142857
E3968,27769.886214285714
E3969,5424.894314285714
E397,18275.083828571427
E3970,5523.260471428572
E3971,9484.395714285714
E3972,51421.0
E3973,19943.0
E3974,2400.3957142857143
E3975,13313.4418
E3976,16747.5
E3977,69991.13217142857
E3978,5562.661671428572
E3979,13715.984045714287
E398,19570.987862857146
E3980,5120.5
E3981,77215.0
E3982,34528.36637142857
E3983,11757.693914285714
E3984,27258.0
E3985,16938.53025714286
E3986,12018.499985714287
E3987,15218.508828571428
E3988,18164.0
E3989,75456.0
E399,9324.995840000001
E3990,10771.072182857144
E3991,4956.599588571429
E3992,30888.0
E3993,9471.0
E3994,334557.0
E3995,14930.461342857143
E3996,20409.466942857143
E3997,665478.0
E3998,19921.239514285713
E3999,4567.2254571428575
E4,5621.0
E40,34351.98820571428
E400,33866.33693714286
E4000,26532.0
E4001,27323.999999999996
E4002,11935.0
E4003,28512.0
E4004,6952.0
E4005,3118.5
E4006,6393.152685714285
E4007,27176.06177142857
E4008,6631.5
E4009,5750.926445714287
E401,25718.0
E4010,13621.472251428575
E4011,7293.803611428572
E4012,2351.2074971428574
E4013,58268.06562857143
E4014,25910.5
E4015,2810.5
E4016,0.0
E4017,59400.0
E4018,731.5
E4019,2618.0
E402,8739.5
E4020,7420.5
E4021,792.0
E4022,12418.853285714285
E4023,25732.24205714286
E4024,13798.0
E4025,6099.095799999999
E4026,34380.5
E4027,6737.5
E4028,6121.5
E4029,21213.5
E403,39705.330857142864
E4030,35369.5
E4031,5659.5
E4032,5119.484388571429
E4033,4255.307428571429
E4034,11218.349417142857
E4035,282348.0
E4036,32471.999999999996
E4037,17820.0
E4038,4851.0
E4039,14332.0
E404,14300.0
E4040,24118.416085714285
E4041,5236.0
E4042,67712.64337142857
E4043,9354.999457142856
E4044,2040.5
E4045,9933.0
E4046,1925.0
E4047,4928.0
E4048,942.0
E4049,12730.266514285715
E405,6038.604785714286
E4050,13135.3566
E4051,1001.0
E4052,10321.701571428572
E4053,8177.428142857145
E4054,300564.0
E4055,79509.29374285715
E4056,56749.67064285714
E4057,187655.72190714284
E4058,15176.12102857143
E4059,124739.99999999999
E406,18555.096114285716
E4060,6048.9972
E4061,29425.0
E4062,69201.0
E4063,34848.0
E4064,30764.810742857146
E4065,11429.184857142858
E4066,7337.5841714285725
E4067,2285.8369714285714
E4068,218.00000000000003
E4069,45074.5
E407,36251.595400000006
E4070,69287.0
E4071,35308.903542857144
E4072,18781.77248571429
E4073,85150.0358
E4074,37816.3724
E4075,12320.0
E4076,3590.3573942857147
E4077,6241.028857142857
E4078,16466.492257142858
E4079,170.0
E408,24392.5
E4080,2300.0119714285715
E4081,37809.9584
E4082,258588.0
E4083,51926.532928571425
E4084,1155.0
E4085,250.0
E4086,35485.345428571425
E4087,8662.5
E4088,4515.0
E4089,3850.0
E409,6522.0
E4090,2541.0
E4091,4312.0
E4092,11451.160142857143
E4093,11207.180091428574
E4094,42198.95665714286
E4095,36036.0
E4096,5353.6377142857145
E4097,14146.497
E4098,694.0
E4099,5390.0
E41,9894.5
E410,19183.8044
E4100,7777.0
E4101,86328.0
E4102,7199.5
E4103,5197.5
E4104,28505.11722857143
E4105,35256.5
E4106,65557.47205714286
E4107,75691.0
E4108,14096.495200000001
E4109,17250.089785714285
E411,112382.56775
E4110,27414.0
E4111,27138.5
E4112,15074.0
E4113,19578.1564
E4114,158988.43290714285
E4115,23446.5
E4116,17594.5
E4117,12743.5
E4118,23138.5
E4119,21939.61682857143
E412,24409.0
E4120,117488.30865714286
E4121,48176.7756
E4122,11377.875685714287
E4123,2233.0
E4124,693.0
E4125,10257.5
E4126,49131.0
E4127,9223.5
E4128,3258.0
E4129,45648.736028571424
E413,377784.0
E4130,22235.084685714286
E4131,8394.268914285714
E4132,517822.0
E4133,4697.0
E4134,23379.854257142855
E4135,183743.99999999997
E4136,103302.08414285714
E4137,3212.5
E4138,536.0
E4139,13461.039942857144
E414,61780.0
E4140,12902.910142857143
E4141,29414.0
E4142,17703.99465714286
E4143,4924.826514285715
E4144,15592.5
E4145,6577.084257142857
E4146,54296.95105714286
E4147,5082.0
E4148,2695.0
E4149,35238.5
E415,456070.85028571426
E4150,1302.696045714286
E4151,17046.6152
E4152,11615.238034285714
E4153,11452.353234285716
E4154,7556.218605714287
E4155,79300.5
E4156,1386.0
E4157,9754.973457142858
E4158,47379.729009523806
E4159,1732.5
E416,56985.39425714286
E4160,7238.0
E4161,18579.06282857143
E4162,78489.55505714286
E4163,22391.5
E4164,7623.0
E4165,18326.0
E4166,38605.55031428571
E4167,2668.9382400000004
E4168,218.0
E4169,28408.4311
E417,22525.167642857145
E4170,52644.17734285715
E4171,4783.325514285713
E4172,46728.0
E4173,61278.365457142856
E4174,37143.85508571428
E4175,4994.977085714286
E4176,4168.0
E4177,465149.25
E4178,14114.3268
E4179,13531.0
E418,13282.5
E4180,13874.28722857143
E4181,6353.903542857143
E4182,29910.0
E4183,15933.668640000004
E4184,9722.560731428573
E4185,2656.5
E4186,4035.180434285715
E4187,571.9153371428572
E4188,5792.622742857143
E4189,2954.895908571429
E419,13150.5
E4190,40806.72714285714
E4191,5088.838914285715
E4192,5967.5
E4193,6391.877457142857
E4194,19267.5
E4195,272.0
E4196,41276.4972
E4197,842445.0
E4198,7385.0
E4199,10707.180434285714
E42,12397.0
E420,15284.5
E4200,5371.088137142858
E4201,9793.614514285715
E4202,8387.989285714286
E4203,5836.5
E4204,139806.3952
E4205,7276.5
E4206,36348.39698285715
E4207,70865.35005714286
E4208,6083.0
E4209,4543.0
E421,30897.79965714286
E4210,29553.93311428571
E4211,14707.0
E4212,1983.2125714285714
E4213,9625.0
E4214,0.0
E4215,25955.0
E4216,204308.0
E4217,20592.0
E4218,31573.875685714287
E4219,22604.38782857143
E422,2964.5
E4220,5616.925971428571
E4221,4697.0
E4222,4767.911542857143
E4223,14140.5
E4224,0.0
E4225,2733.5
E4226,12820.5
E4227,1856.4972000000002
E4228,5544.0
E4229,54252.00000000001
E423,12593.455085714286
E4230,64114.57562857143
E4231,31733.231342857143
E4232,108396.0
E4233,11627.0
E4234,5940.0
E4235,41580.0
E4236,25477.0
E4237,3811.5
E4238,3503.5
E4239,92029.52745714286
E424,11404.524228571428
E4240,67726.0
E4241,1752651.0
E4242,14553.0
E4243,12243.0
E4244,32535.71598095238
E4245,42768.0
E4246,16171.0
E4247,4371.9986
E4248,1670.5
E4249,7238.0
E425,38311.116114285716
E4250,1303.0
E4251,82458.0
E4252,3012.4827714285716
E4253,71204.5815
E4254,3927.0
E4255,31304.015342857143
E4256,69796.95276428571
E4257,6907.0
E4258,20362.68965714286
E4259,3118.5
E426,12849.499985714287
E4260,3195.5
E4261,3667.746011428572
E4262,3765.976754285715
E4263,1116.5
E4264,5005.0
E4265,22792.0
E4266,4119.5
E4267,29017.5
E4268,8431.5
E4269,9217.519542857142
E427,3657.5
E4270,35861.91197142857
E4271,15402.7392
E4272,174.0
E4273,5494.473042857143
E4274,14549.5
E4275,167641.8333333333
E4276,50688.0
E4277,50400.0
E4278,13075.993985714285
E4279,90193.29002857144
E428,185878.0
E4280,9986.963228571429
E4281,136534.50822857142
E4282,366.0
E4283,4098.7265828571435
E4284,6413.5
E4285,8457.095771428572
E4286,21574.479014285713
E4287,43154.40059999999
E4288,16867.310971428575
E4289,21764.55588571429
E429,7969.5
E4290,36658.05217142857
E4291,953.1922285714287
E4292,20289.84109714286
E4293,8133.907017142858
E4294,1339.0
E4295,2732.484388571429
E4296,38875.437085714286
E4297,3552.585657142857
E4298,4752.783514285715
E4299,100266.42127857143
E43,14997.188068571428
E430,14128.741851428573
E4300,26212.3212
E4301,3367.945874285715
E4302,6446.8036114285715
E4303,11352.76128
E4304,4194.045805714286
E4305,11088.0
E4306,493110.0
E4307,6068.657188571429
E4308,1652.1998628571432
E4309,6936.853577142858
E431,3273.422971428572
E4310,78165.0
E4311,66312.0
E4312,14163.083977142858
E4313,11414.874228571429
E4314,5369.649554285716
E4315,86.0
E4316,38973.0
E4317,9889.630342857143
E4318,371650.6131857143
E4319,6296.165165714287
E432,10596.0
E4320,0.0
E4321,54836.137285714285
E4322,4119.5
E4323,4464.7360285714285
E4324,10087.0
E4325,22176.0
E4326,135673.16474285713
E4327,35093.78534285715
E4328,30118.0
E4329,0.0
E433,132597.0
E4330,2683.3473
E4331,15207.5
E4332,2040.5
E4333,37727.5
E4334,32261.3184
E4335,28419.134285714288
E4336,808.5
E4337,6737.5
E4338,0.0
E4339,23907.941314285716
E434,9856.0
E4340,2644.5
E4341,8843.448314285713
E4342,12709.5
E4343,37310.12802857143
E4344,28468.69317142857
E4345,3542.0
E4346,9552.992022857143
E4347,14959.497057142857
E4348,18400.244
E4349,1247400.0
E435,74158.35797142857
E4350,2821.8671142857147
E4351,37598.25
E4352,351648.00000000006
E4353,8547.0
E4354,39907.78071428571
E4355,1107.4131714285713
E4356,188.0
E4357,236.0
E4358,55393.5
E4359,7712.0
E436,37517.75
E4360,4377.361742857142
E4361,16328.193128571427
E4362,544.0
E4363,24279.574842857142
E4364,4088.5
E4365,13847.636857142857
E4366,15754.522342857143
E4367,11996.467042857143
E4368,11511.5
E4369,15565.0
E437,26673.565857142858
E4370,15515.5
E4371,8689.432485714286
E4372,154.0
E4373,35046.82634285714
E4374,29431.7425
E4375,5313.0
E4376,3336.1728000000003
E4377,2668.9382400000004
E4378,6252.442057142858
E4379,8547.0
E438,14179.0
E4380,7738.499999999999
E4381,4872.991014285714
E4382,0.0
E4383,3748.167657142857
E4384,3875.9461
E4385,23496.0
E4386,63756.0
E4387,58399.0
E4388,49042.00317142857
E4389,25030.121457142857
E439,50040.0
E4390,3463.265097142858
E4391,42768.0
E4392,4032.6648000000005
E4393,7036.628728571428
E4394,3939.8612114285725
E4395,22723.5
E4396,635.4614857142859
E4397,12628.0
E4398,32630.947291428576
E4399,1779.2921600000006
E44,7700.399725714286
E440,26258.241165714287
E4400,14786.437600000001
E4401,10179.682614285713
E4402,1008.0
E4403,548.0
E4404,16029.0
E4405,62611.5
E4406,7577.126257142857
E4407,15428.469257142857
E4408,30192.037542857142
E4409,0.0
E441,17508.69188571429
E4410,7155.5928
E4411,1143.8306742857144
E4412,6291.06870857143
E4413,7117.168640000002
E4414,3876.315062857144
E4415,3399.7189485714293
E4416,42738.47017142858
E4417,16530.69877142857
E4418,5184.854742857144
E4419,3840.633142857143
E442,10125.5
E4420,69608.0
E4421,41222.64874285715
E4422,5617.0
E4423,7931.0
E4424,10464.928128571428
E4425,5083.691885714286
E4426,15623.581371428572
E4427,7586.5
E4428,15680.5
E4429,7975.041645714287
E443,349576.5
E4430,13821.5
E4431,21747.58517142857
E4432,3081.9882057142863
E4433,1446.0
E4434,5082.0
E4435,1686.0
E4436,25221.148171428573
E4437,2033.4767542857148
E4438,5582.5
E4439,7825.2900285714295
E444,67465.02445714286
E4440,5463.403542857144
E4441,10596.934422857143
E4442,36165.381714285715
E4443,9331.0
E4444,78534.36437142857
E4445,0.0
E4446,22816.039399999998
E4447,10613.974685714285
E4448,18749.12485714286
E4449,5005.0
E445,20525.0
E4450,5676.5
E4451,4162.272731428572
E4452,6891.5
E4453,7798.991014285714
E4454,7315.0
E4455,87516.0
E4456,7873.438457142857
E4457,21136.5988
E4458,25060.131257142857
E4459,24227.541885714287
E446,8791.3922
E4460,11822.0
E4461,19717.5
E4462,16754.762085714287
E4463,730.7807085714287
E4464,30386.5
E4465,8401.385
E4466,3240.853577142858
E4467,17330.857057142857
E4468,3360.554
E4469,20366.5
E447,1980.0
E4470,116628.75185714287
E4471,6760.116757142858
E4472,140574.05157142857
E4473,31030.625228571433
E4474,22319.0
E4475,46103.0
E4476,6207.005114285715
E4477,115073.72617142857
E4478,3216.443257142857
E4479,131145.58762857143
E448,9871.5
E4480,83763.81097142857
E4481,137630.5
E4482,2478.299794285715
E4483,6608.799451428573
E4484,4003.7245428571428
E4485,3145.534354285715
E4486,188496.0
E4487,5324.724542857142
E4488,262120.38314285714
E4489,21838.7906
E449,19443.5
E4490,75606.11311428572
E4491,3733.6582285714285
E4492,6582.0
E4493,28365.99584
E4494,3374.96912
E4495,6862.5
E4496,35181.6646
E4497,29748.0
E4498,485874.0
E4499,82679.5
E45,28827.222942857145
E450,9047.5
E4500,0.0
E4501,17345.0
E4502,24906.93412857143
E4503,3072.5065142857143
E4504,23514.974685714285
E4505,60264.0
E4506,91080.0
E4507,662.0
E4508,4930.807257142857
E4509,4514.838314285715
E451,37650.31537142857
E4510,5082.5
E4511,15211.994657142857
E4512,47977.34217142858
E4513,44092.526971428575
E4514,16320.829971428573
E4515,22001.5
E4516,33904.129428571425
E4517,30184.0
E4518,6474.107771428571
E4519,41734.0
E452,51678.0
E4520,385.0
E4521,3339.0
E4522,2339.1922285714286
E4523,3367.945874285715
E4524,7553.5
E4525,1874.611382857143
E4526,30888.0
E4527,71958.36405714287
E4528,38064.0
E4529,66132.0
E453,26901.75
E4530,32499.433885714287
E4531,720.1187142857143
E4532,10741.5
E4533,42768.0
E4534,89847.0
E4535,4235.0
E4536,30907.668714285715
E4537,15276.364057142857
E4538,8562.77238857143
E4539,9817.5
E454,8008.0
E4540,10316.265097142857
E4541,12345.299451428573
E4542,10164.0
E4543,12127.5
E4544,10972.5
E4545,12064.0
E4546,9625.0
E4547,11464.653428571428
E4548,13288.958057142856
E4549,34517.69037142857
E455,256.0
E4550,36085.5
E4551,16424.185742857142
E4552,2192.3421257142863
E4553,16970.810902857145
E4554,0.0
E4555,6433.060514285715
E4556,0.0
E4557,9200.5
E4558,962.5
E4559,51444.1172
E456,14999.768771428571
E4560,10942.5
E4561,13398.0
E4562,6237.0
E4563,38038.0
E4564,12974.5
E4565,14668.5
E4566,187194.45177142858
E4567,8258.884457142856
E4568,11425.875685714287
E4569,514050.0
E457,10980.959685714286
E4570,13083.309257142857
E4571,4565.435285714286
E4572,3936.7192285714286
E4573,69203.92645714286
E4574,455.99999999999994
E4575,9217.519542857142
E4576,3177.307428571429
E4577,17171.0
E4578,13919.483702857146
E4579,28040.94217142857
E458,7960.852742857143
E4580,37350.157314285716
E4581,3653.9035428571433
E4582,496.0
E4583,7057.1634
E4584,2097.0229028571434
E4585,9439.660085714286
E4586,14797.590771428573
E4587,8113.337514285715
E4588,3702.1672857142858
E4589,237600.0
E459,1078.0
E4590,10643.979885714289
E4591,28594.94885714286
E4592,3888.626651428572
E4593,851.8562857142857
E4594,7308.583828571429
E4595,11640.836428571429
E4596,64308.62757142857
E4597,2351.2074971428574
E4598,13259.682614285713
E4599,4576.761280000001
E46,36398.30151428572
E460,39791.0
E4600,4069.8306742857144
E4601,9978.353577142858
E4602,4257.5919542857155
E4603,10043.25
E4604,16546.3636
E4605,3760.5777428571428
E4606,34372.40112857143
E4607,63802.518085714284
E4608,7407.805
E4609,66129.23737142858
E461,60682.38322857143
E4610,19715.67962857143
E4611,45966.342
E4612,4512.743942857142
E4613,37926.25228571428
E4614,0.0
E4615,4504.5
E4616,0.0
E4617,57281.0
E4618,10897.796542857144
E4619,426502.4725142857
E462,10184.561074285715
E4620,592.0
E4621,193875.7592857143
E4622,0.0
E4623,2160.569051428572
E4624,47651.15371428571
E4625,78012.0
E4626,0.0
E4627,29316.46496
E4628,123129.0
E4629,9045.5
E463,11756.0
E4630,4704.775600000001
E4631,28426.395714285718
E4632,22101.157142857148
E4633,70966.5
E4634,241616.52705714284
E4635,70187.57068571428
E4636,34003.39697142858
E4637,22042.0
E4638,21931.545805714286
E464,10934.0
E465,2756.6460800000004
E466,38898.03657142858
E467,12783.495737142859
E468,7049.5
E469,8470.0
E47,14938.0
E470,2287.661348571429
E471,23027.690971428572
E472,0.0
E473,9627.241508571431
E474,8292.77238857143
E475,214826.23682857142
E476,7507.5
E477,17919.0
E478,13513.5
E479,21560.0
E48,56345.62594285714
E480,16170.0
E481,6518.8684
E482,26873.0
E483,101243.04931428572
E484,101772.0
E485,6845.7453428571425
E486,1976.0
E487,5467.0
E488,269280.0
E489,47124.0
E49,34609.891748571434
E490,8638.5
E491,4889.5
E492,2412.8279142857145
E493,0.0
E494,4704.7756
E495,9509.5
E496,19455.5
E497,59647.5
E498,37378.0
E499,6083.0
E5,24817.752514285716
E50,10670.203571428572
E500,5621.0
E501,11473.0
E502,18442.3383
E503,48301.09842857143
E504,75757.11825
E505,50551.27062857143
E506,12897.5
E507,6269.904185714286
E508,44390.5
E509,13282.5
E51,3240.853577142858
E510,193749.5292857143
E511,19436.0
E512,22577.5
E513,3195.5
E514,6314.0
E515,8235.532928571429
E516,442105.7639142857
E517,4004.0
E518,8231.302385714287
E519,41276.781
E52,7020.580502857143
E520,4522.5
E521,8597.003474285715
E522,9740.5
E523,38406.274834285716
E524,47705.761171428574
E525,98604.00000000001
E526,6699.0
E527,4158.0
E528,109755.0
E529,127116.0
E53,21816.12997142857
E530,51176.0
E531,47011.29654285714
E532,44278.03488571429
E533,86436.0
E534,123948.0
E535,79595.99999999999
E536,9711.5
E537,34034.0
E538,29392.35927142857
E539,30063.305357142857
E54,14842.5
E540,3798.8920914285723
E541,8853.984388571429
E542,35117.75
E543,17210.0
E544,20559.0
E545,5994.534354285715
E546,16016.0
E547,12222.886214285714
E548,13056.70657142857
E549,25236.75
E55,21717.120914285715
E550,19558.0
E551,13975.5
E552,111357.71855714286
E553,10510.5
E554,8008.0
E555,9233.0
E556,11263.25
E557,25888.5
E558,2811.125742857143
E559,4883.0
E56,6743.0
E560,9201.5
E561,7426.5
E562,3580.5
E563,1424.5
E564,9914.0
E565,30117.654342857146
E566,195711.4982
E567,6083.0
E568,6699.0
E569,5929.0
E57,37149.37232
E570,1736.0
E571,90915.47808571428
E572,1204.0
E573,9389.26128
E574,4468.707497142857
E575,75935.79739428572
E576,10080.0
E577,13475.0
E578,12868.095085714289
E579,9704.83414857143
E58,7937.520957142857
E580,54109.0
E581,5793.988205714286
E582,3367.9458742857146
E583,7426.607222857144
E584,17719.81437714286
E585,6811.914994285715
E586,33711.12522857143
E587,339995.61914285715
E588,22554.81
E589,7473.0
E59,10796.0
E590,66248.12888571428
E591,6688.189657142857
E592,38308.253828571425
E593,44440.0
E594,25103.86174285714
E595,14379.5
E596,17132.5
E597,5116.5
E598,5582.5
E599,37664.714114285714
E6,38979.622800000005
E60,19387.5
E600,19125.490985714285
E601,2780.4794857142856
E602,33109.0
E603,7122.5
E604,12435.5
E605,16481.5
E606,5544.0
E607,2470.3832285714284
E608,3426.5
E609,9953.326342857143
E61,12008.826514285714
E610,3311.0
E611,6346.329328571428
E612,45161.35022857143
E613,6198.5
E614,6742.195702857143
E615,7694.0
E616,5369.649554285715
E617,4136.38064
E618,15640.153371428572
E619,10000.315062857144
E62,34935.984045714285
E620,10014.30326857143
E621,6126.492022857144
E622,15972.464960000001
E623,5582.5
E624,10341.311245714287
E625,6359.011108571429
E626,12605.149211428572
E627,2414.7536457142864
E628,150057.0
E629,35150.102257142855
E63,41786.883114285716
E630,8354.5
E631,10087.0
E632,13879.0958
E633,0.0
E634,18056.5
E635,19271.5
E636,30562.486914285713
E637,4683.0
E638,2791.0
E639,11656.0
E64,33415.4792
E640,36445.74717142857
E641,11129.82977142857
E642,3456.5698285714284
E643,25256.0
E644,17685.677828571428
E645,23485.401685714285
E646,10706.582857142857
E647,93765.02325714286
E648,93492.0
E649,68440.47437142857
E65,9974.480571428572
E650,171589.3333333333
E651,31672.17330714286
E652,42476.5
E653,744.0
E654,38421.109749999996
E655,213288.97297142856
E656,56992.00000000001
E657,9793.614514285713
E658,83160.0
E659,47698.105200000005
E66,27815.06870857143
E660,6137.895571428571
E661,9793.614514285715
E662,106524.0
E663,32804.32868571428
E664,14559.999999999998
E665,60973.89151428571
E666,5200.0
E667,15184.0
E668,17978.959942857142
E669,316.0
E67,4734.1880685714295
E670,147618.0
E671,100797.37748571427
E672,69816.41154285714
E673,111075.0
E674,45144.0
E675,167270.0
E676,35340.414457142855
E677,17055.5
E678,7346.0
E679,67235.0
E68,14721.919142857143
E680,18540.677657142856
E681,62693.722942857145
E682,6275.5
E683,178946.66666666666
E684,171609.21623333334
E685,76128.0
E686,100158.15828571428
E687,177732.0
E688,9258.868845714287
E689,8928.233874285716
E69,7281.492022857144
E690,8798.1152
E691,56232.0
E692,22755.751371428574
E693,27342.371971428573
E694,293981.0156285714
E695,308266.6361857143
E696,188253.0
E697,1607885.1599357142
E698,12744.642262857144
E699,63544.187028571425
E7,71665.29857142858
E70,38441.5
E700,37837.7045
E701,51996.0
E702,8685.115914285714
E703,39991.6235
E704,67191.3982
E705,34673.55457142857
E706,215944.32038809522
E707,137280.99999999997
E708,150897.5091
E709,3965.5
E71,8965.29216
E710,694212.4671785714
E711,454780.7575523809
E712,3219.0
E713,99396.0
E714,59839.266285714286
E715,6433.060514285715
E716,250265.3333333333
E717,616.0
E718,61232.6648
E719,644.0
E72,19635.759908571432
E720,315292.0
E721,60588.0
E722,70280.31245
E723,96615.8009142857
E724,11345.85985714286
E725,38502.34725714286
E726,105508.33934285714
E727,8288.5
E728,150679.0726095238
E729,267840.0
E73,2964.5
E730,74844.0
E731,285680.0
E732,327011.6985142857
E733,246607.58077142856
E734,131553.0
E735,57428.831
E736,8584.528985714285
E737,177750.4376
E738,36630.0386
E739,6439.028857142857
E74,37933.154342857146
E740,76392.45111428571
E741,21075.474371428572
E742,112655.19062857142
E743,32224.5
E744,45450.711800000005
E745,32081.276742857142
E746,307880.9954142857
E747,349342.3333333333
E748,7007.0
E749,93989.85657142857
E75,7828.784182857144
E750,7537.242542857143
E751,37334.0
E752,232143.47437142857
E753,5760.949714285714
E754,12791.64897142857
E755,47789.5
E756,17790.374285714286
E757,35861.91197142857
E758,7206.338914285715
E759,19134.5
E76,9789.873005714286
E760,16509.615914285714
E761,10810.596685714285
E762,16127.849742857143
E763,34826.464542857146
E764,20593.769314285713
E765,34575.860414285715
E766,29235.12277142857
E767,27369.57562857143
E768,68315.17734285715
E769,5852.0
E77,32501.35797142857
E770,26449.5
E771,16203.464960000001
E772,12881.284182857144
E773,6066.668982857143
E774,41881.5
E775,3951.326857142857
E776,2285.3768228571435
E777,20309.687725714288
E778,30492.0
E779,4666.79216
E78,3801.4729371428575
E780,5306.103405714287
E781,9930.122834285714
E782,5553.0114514285715
E783,38894.21943571429
E784,49100.99411428571
E785,109154.5
E786,113213.49953333332
E787,129304.5
E788,12589.5
E789,9740.5
E79,71056.86491428572
E790,6660.5
E791,11280.5
E792,12358.5
E793,6660.5
E794,42974.5
E795,81215.64968571428
E796,108350.0
E797,215548.5
E798,3580.5
E799,13667.5
E8,6121.5
E80,43515.42925714286
E800,7400.778428571428
E801,16737.250457142858
E802,348523.3333333333
E803,4797.734217142858
E804,8902.038171428572
E805,8309.768914285716
E806,29491.0
E807,39653.0718
E808,12895.933742857143
E809,37217.12
E81,24042.565234285714
E810,53415.55654285715
E811,12726.492671428572
E812,13436.5
E813,11781.0
E814,9447.970057142857
E815,10877.814357142855
E816,18134.254485714286
E817,11544.592799999999
E818,8508.5
E819,5313.0
E82,45424.77602857143
E820,27411.362257142857
E821,27524.044885714284
E822,42452.5
E823,1848.0
E824,11701.376822857143
E825,4966.5
E826,6501.041988571429
E827,15573.365028571428
E828,159984.0
E829,3907.665165714286
E83,8785.448314285713
E830,2726.0
E831,58931.8156
E832,4384.684251428573
E833,14312.976754285715
E834,5604.668982857143
E835,8743.349760000001
E836,2128.7959771428577
E837,6250.580502857143
E838,10528.353234285716
E839,30427.50327428572
E84,8177.5
E840,6252.442057142858
E841,6615.822697142858
E842,1068.0
E843,115824.96505714285
E844,49500.0
E845,60108.59792142857
E846,153351.0
E847,346.0
E848,11882.5
E849,26120.0
E85,8195.464960000001
E850,164644.0
E851,8642.276205714288
E852,12419.498971428573
E853,10588.196045714285
E854,138205.30585714284
E855,27700.566542857145
E856,30308.505028571424
E857,50162.262514285714
E858,160877.2458452381
E859,11454.73462857143
E86,11692.491337142861
E860,26692.400342857145
E861,5190.5
E862,32158.05087142857
E863,12358.5
E864,9548.0
E865,35689.5
E866,7036.0
E867,98711.88865714286
E868,72058.75177142858
E869,73754.15634285714
E87,11088.0
E870,51176.436628571435
E871,36521.96285714286
E872,6341.610771428572
E873,11346.5
E874,7738.499999999999
E875,16822.800199999998
E876,4712.578200000001
E877,5813.5
E878,8085.0
E879,31925.590285714286
E88,7526.161671428572
E880,12993.470657142858
E881,4918.7645142857145
E882,16208.5
E883,54523.64008571429
E884,36434.075085714285
E885,19294.46461714286
E886,16517.91881142857
E887,5963.101342857144
E888,14305.0
E889,18950.715131428573
E89,12500.676274285717
E890,10844.617314285715
E891,8997.9928
E892,4444.683
E893,5320.572868571428
E894,6535.818880000001
E895,9713.054
E896,5629.9318
E897,5968.574314285714
E898,11203.5
E899,4285.218948571429
E9,69560.77042857144
E90,39996.0
E900,27989.5
E901,16362.5
E902,18615.21425714286
E903,15301.0
E904,3041.5
E905,10612.682628571429
E906,7584.5
E907,9394.0
E908,26465.45512142857
E909,8162.0
E91,48627.708249999996
E910,13809.479971428571
E911,11531.519085714286
E912,46338.098
E913,15284.5
E914,14783.0
E915,20212.5
E916,9702.0
E917,14659.910834285716
E918,50390.63828571429
E919,6620.984388571429
E92,37304.0
E920,10510.224542857142
E921,9651.571842857142
E922,0.0
E923,1175.6037485714287
E924,34656.421285714285
E925,18247.0
E926,8046.5
E927,10818.5
E928,9652.457325714286
E929,5929.0
E93,6680.4344228571435
E930,21203.5
E931,28990.5
E932,8605.734628571428
E933,13857.0
E934,52584.970657142854
E935,7511.926445714286
E936,15889.0
E937,9635.999657142858
E938,8855.0
E939,10245.580828571428
E94,31560.44402857143
E940,24565.365242857144
E941,20988.0
E942,40156.628457142855
E943,33935.0
E944,32271.01254285714
E945,7161.0
E946,16940.0
E947,102564.0
E948,0.0
E949,73396.15451428572
E95,40944.31888
E950,40243.50877142857
E951,2668.515268571429
E952,8200.5
E953,43201.03324285714
E954,40585.395157142855
E955,10433.5
E956,5236.0
E957,13629.0
E958,9312.669142857143
E959,22484.0
E96,96941.66662857143
E960,34523.134685714285
E961,349.5038171428572
E962,4677.3036114285715
E963,4352.911177142859
E964,15752.0
E965,3041.5
E966,15169.0
E967,4766.976754285715
E968,11687.271742857143
E969,18506.6052
E97,42482.36251428571
E970,6658.468777142859
E971,3850.0
E972,20867.0
E973,119541.0
E974,21228.330674285717
E975,9539.111040000002
E976,6439.138445714286
E977,15315.611382857143
E978,7289.064891428573
E979,36283.86251428571
E98,51257.97528571429
E980,9466.684251428573
E981,15126.583634285716
E982,13552.0
E983,424573.41060952377
E984,256.0
E985,34075.903
E986,202752.0
E987,11011.0
E988,27318.67151428572
E989,20451.371485714284
E99,12303.130514285715
E990,82950.2358952381
E991,106239.8700857143
E992,7084.0
E993,11664.379885714287
E994,1837973.9070285715
E995,435.99999999999994
E996,36726.054428571435
E997,49783.360771428575
E998,38645.7616
E999,26928.0
